<?xml version="1.0" encoding="UTF-8"?>
<process name="getAuthToken" ns11:description="take the Access code generated by the OAuth Token server, request an AccessPoint rom the OAuth metadata server, and store for later use" ns11:name="getAPIEndpoint" ns11:orgKey="uddi:d74b43d5-e965-11e4-94bf-b0d1b8a1a875" ns2:processKey="bpel:58919952-ea1f-11e4-94bf-b0d1b8a1a875" targetNamespace="http://soa.com/processs" xmlns="http://schemas.xmlsoap.org/ws/2003/03/business-process/" xmlns:ns10="http://soa.com/capabilities/service/virtualization/bpel/activity" xmlns:ns11="http://soa.com/bpel/export" xmlns:ns2="http://soa.com/bpel/ext" xmlns:ns3="http://soa.com/capabilities/service/virtualization/bpel" xmlns:ns4="http://schemas.xmlsoap.org/ws/2006/02/addressingidentity" xmlns:ns5="http://www.w3.org/2000/09/xmldsig#" xmlns:ns6="http://docs.oasis-open.org/wss/2004/01/oasis-200401-wss-wssecurity-secext-1.0.xsd" xmlns:ns7="http://docs.oasis-open.org/wss/2004/01/oasis-200401-wss-wssecurity-utility-1.0.xsd" xmlns:ns8="http://schemas.xmlsoap.org/ws/2004/09/mex" xmlns:ns9="http://schemas.xmlsoap.org/ws/2003/05/partner-link/"><ns9:partnerLinkType name="ActivityPortTypeConsumer"><ns9:role name="Consumer"><ns9:portType name="ns10:ActivityPortType"/></ns9:role></ns9:partnerLinkType><ns10:Activities><ns10:Activity ActivityType="ns12:ScriptedActivity" LastUpdated="1429858969517" Name="GetAccessPoint" xmlns:ns12="http://soa.com/uri/products/activity/script/xsd/1.0"><ns2:ScriptedActivity xmlns="http://soa.com/uri/products/activity/audit/xsd/1.0" xmlns:ns11="http://soa.com/uri/products/activity/script/xsd/1.0" xmlns:ns2="http://soa.com/uri/products/activity/script/xsd/1.0" xmlns:ns3="http://soa.com/uri/products/activity/stripxml/xsd/1.0" xmlns:ns4="http://soa.com/uri/products/activity/xform/xsd/1.0" xmlns:ns5="http://soa.com/uri/products/activity/process/xsd/1.0" xmlns:ns6="http://soa.com/uri/products/activity/insertxml/xsd/1.0" xmlns:ns7="http://soa.com/uri/products/activity/insertcontent/xsd/1.0"><ns11:Language>js</ns11:Language><ns11:Script>// *************************************************************
// *************************************************************
// **
// **  create OAuth metadata request
// **
// **  get the Access Token and create metadata request
// **
// *************************************************************
// *************************************************************
auditLog.debug("Start Config OAuth Metadata Request");


var tokenRequest = msgFactory.create();
var headers = tokenRequest.getTransportHeaders();
if (headers == null || headers == undefined){
	headers = tokenRequest.createTransportHeaders();
}
var cache = MailChimpHook.glbCacheMgr.getCache("mc_hook");
var accessMap = new java.util.HashMap();
accessMap = cache.get("access_token");
	
if (accessMap == null || accessMap == undefined){
	auditLog.debug("Cache has expired");
	throw "exception: Cache has expired, re-authorize"
}
	
var accessToken = accessMap.get(processContext.getVariable("access_key"));
if (accessToken == null || accessToken == undefined){
	auditLog.debug("Access Token is missing");
	throw "exception: Access Token is missing, re-authorize"
}

headers.add("Authorization", "Bearer " + accessToken);


processContext.setVariable("TokenRequest", tokenRequest);

auditLog.debug("Done Configuring OAuth Metadata Request");</ns11:Script><ns11:Import>script:59de61c1-ea10-11e4-94bf-b0d1b8a1a875</ns11:Import></ns2:ScriptedActivity></ns10:Activity><ns10:Activity ActivityType="ns12:ScriptedActivity" LastUpdated="1429858969518" Name="SaveAccessPoint" xmlns:ns12="http://soa.com/uri/products/activity/script/xsd/1.0"><ns2:ScriptedActivity xmlns="http://soa.com/uri/products/activity/audit/xsd/1.0" xmlns:ns11="http://soa.com/uri/products/activity/script/xsd/1.0" xmlns:ns2="http://soa.com/uri/products/activity/script/xsd/1.0" xmlns:ns3="http://soa.com/uri/products/activity/stripxml/xsd/1.0" xmlns:ns4="http://soa.com/uri/products/activity/xform/xsd/1.0" xmlns:ns5="http://soa.com/uri/products/activity/process/xsd/1.0" xmlns:ns6="http://soa.com/uri/products/activity/insertxml/xsd/1.0" xmlns:ns7="http://soa.com/uri/products/activity/insertcontent/xsd/1.0"><ns11:Language>js</ns11:Language><ns11:Script>// *************************************************************
// *************************************************************
// **
// **  Stores the OAuth2 Access Token resulting from the 
// **  3-legged dance
// **
// *************************************************************
// *************************************************************
auditLog.debug("processing the get metadata request");

var tokenResponse = processContext.getVariable("TokenResponse");
auditLog.debug("the result was = " + tokenResponse.getContentAsString());

var msgJSON = JSON.parse(tokenResponse.getContentAsString());
var accessPoint = msgJSON.api_endpoint.toString();
auditLog.debug("access point is " + accessPoint);
var dc = msgJSON.dc;
auditLog.debug("dc is " + dc);

var accessMap = new java.util.HashMap();
accessMap.put("dc", dc.toString());
accessMap.put("accessPoint", accessPoint.toString());

var cache = MailChimpHook.glbCacheMgr.getCache("mc_hook");
cache.put("access_point", accessMap, 30*60);

auditLog.debug("completed the get metadata request");</ns11:Script><ns11:Import>script:59de61c1-ea10-11e4-94bf-b0d1b8a1a875</ns11:Import></ns2:ScriptedActivity></ns10:Activity></ns10:Activities><ns9:partnerLinkType name="Dropbox_Core_API_PortTypeConsumer"><ns9:role name="Consumer"><ns9:portType name="ns12:Dropbox_Core_API_PortType" xmlns:ns12="https://api.dropbox.com/1"/></ns9:role></ns9:partnerLinkType><ns9:partnerLinkType name="Box_Content_API_PortTypeConsumer"><ns9:role name="Consumer"><ns9:portType name="ns12:Box_Content_API_PortType" xmlns:ns12="https://api.box.com/2.0"/></ns9:role></ns9:partnerLinkType><ns9:partnerLinkType name="Box_API_AOuth2_API_PortTypeConsumer"><ns9:role name="Consumer"><ns9:portType name="ns12:Box_API_AOuth2_API_PortType" xmlns:ns12="https://app.box.com/api/oauth2"/></ns9:role></ns9:partnerLinkType><ns9:partnerLinkType name="MailChimp_OAuth_API_PortTypeConsumer"><ns9:role name="Consumer"><ns9:portType name="ns12:MailChimp_OAuth_API_PortType" xmlns:ns12="https://login.mailchimp.com/oauth2"/></ns9:role></ns9:partnerLinkType><partnerLinks><partnerLink myRole="Consumer" name="Activity" partnerLinkType="ns12:ActivityPortTypeConsumer" xmlns:ns12="http://soa.com/processs"/><partnerLink myRole="Consumer" name="Dropbox_Core_API_PortTypePartnerLink" partnerLinkType="ns12:Dropbox_Core_API_PortTypeConsumer" xmlns:ns12="http://soa.com/processs"/><partnerLink myRole="Consumer" name="Box_Content_API_PortTypePartnerLink" partnerLinkType="ns12:Box_Content_API_PortTypeConsumer" xmlns:ns12="http://soa.com/processs"/><partnerLink myRole="Consumer" name="Box_API_AOuth2_API_PortTypePartnerLink" partnerLinkType="ns12:Box_API_AOuth2_API_PortTypeConsumer" xmlns:ns12="http://soa.com/processs"/><partnerLink myRole="Consumer" name="MailChimp_OAuth_API_PortTypePartnerLink" partnerLinkType="ns12:MailChimp_OAuth_API_PortTypeConsumer" xmlns:ns12="http://soa.com/processs"/></partnerLinks><variables><variable messageType="ns12:ActivityMessage" name="message" xmlns:ns12="http://soa.com/process/activity"/><variable messageType="ns12:ActivityMessage" name="fault" xmlns:ns12="http://soa.com/process/activity"/><variable messageType="ns12:ActivityMessage" name="TokenRequest" xmlns:ns12="http://soa.com/process/activity"/><variable messageType="ns12:ActivityMessage" name="TokenResponse" xmlns:ns12="http://soa.com/process/activity"/></variables><sequence><invoke inputVariable="message" name="GetAccessPoint" operation="invoke" outputVariable="message" partnerLink="Activity" portType="ns10:ActivityPortType"><ns2:InvocationExt endpoint="GetAccessPoint" propagateExchange="true" service="ns10:ActivityService"/></invoke><invoke inputVariable="TokenRequest" name="RequestMetaData" operation="GET__metadata" outputVariable="TokenResponse" partnerLink="MailChimp_OAuth_API_PortTypePartnerLink" portType="ns12:MailChimp_OAuth_API_PortType" xmlns:ns12="https://login.mailchimp.com/oauth2"><ns2:InvocationExt service="ns12:MailChimp_OAuth_API"><ns2:Audit/></ns2:InvocationExt></invoke><invoke inputVariable="message" name="SaveAccessPoint" operation="invoke" outputVariable="message" partnerLink="Activity" portType="ns10:ActivityPortType"><ns2:InvocationExt endpoint="SaveAccessPoint" propagateExchange="true" service="ns10:ActivityService"/></invoke></sequence></process>