<?xml version="1.0" encoding="UTF-8"?>
<process name="SaveAuthKey" ns11:description="Process to be called by every operation to save the authKey Header. This cannot be solved using a script policy on the VS, as the policy will not be called when the VS is invoked by an Invoke Activity" ns11:name="SaveAuthKey" ns11:orgKey="uddi:d74b43d5-e965-11e4-94bf-b0d1b8a1a875" ns2:processKey="bpel:e09e9326-ee15-11e4-b945-869d084cbfc5" targetNamespace="http://soa.com/processs" xmlns="http://schemas.xmlsoap.org/ws/2003/03/business-process/" xmlns:ns10="http://soa.com/capabilities/service/virtualization/bpel/activity" xmlns:ns11="http://soa.com/bpel/export" xmlns:ns2="http://soa.com/bpel/ext" xmlns:ns3="http://soa.com/capabilities/service/virtualization/bpel" xmlns:ns4="http://schemas.xmlsoap.org/ws/2006/02/addressingidentity" xmlns:ns5="http://www.w3.org/2000/09/xmldsig#" xmlns:ns6="http://docs.oasis-open.org/wss/2004/01/oasis-200401-wss-wssecurity-secext-1.0.xsd" xmlns:ns7="http://docs.oasis-open.org/wss/2004/01/oasis-200401-wss-wssecurity-utility-1.0.xsd" xmlns:ns8="http://schemas.xmlsoap.org/ws/2004/09/mex" xmlns:ns9="http://schemas.xmlsoap.org/ws/2003/05/partner-link/"><ns9:partnerLinkType name="ActivityPortTypeConsumer"><ns9:role name="Consumer"><ns9:portType name="ns10:ActivityPortType"/></ns9:role></ns9:partnerLinkType><ns10:Activities><ns10:Activity ActivityType="ns12:ScriptedActivity" LastUpdated="1430274111283" Name="saveAuthKey" xmlns:ns12="http://soa.com/uri/products/activity/script/xsd/1.0"><ns2:ScriptedActivity xmlns="http://soa.com/uri/products/activity/audit/xsd/1.0" xmlns:ns11="http://soa.com/uri/products/activity/script/xsd/1.0" xmlns:ns2="http://soa.com/uri/products/activity/script/xsd/1.0" xmlns:ns3="http://soa.com/uri/products/activity/stripxml/xsd/1.0" xmlns:ns4="http://soa.com/uri/products/activity/xform/xsd/1.0" xmlns:ns5="http://soa.com/uri/products/activity/process/xsd/1.0" xmlns:ns6="http://soa.com/uri/products/activity/insertxml/xsd/1.0" xmlns:ns7="http://soa.com/uri/products/activity/insertcontent/xsd/1.0"><ns11:Language>js</ns11:Language><ns11:Script>// *************************************************************
// *************************************************************
// **
// **  HTTP request Script
// **
// **  save's the authKey for the downstream Auth Policies
// **
// *************************************************************
// *************************************************************
auditLog.debug("Start save of the authKey");

var msg = processContext.getVariable("message");
headers = msg.getTransportHeaders();
var authKey = new java.lang.String(headers.get("authKey").getValue());

if (authKey == null || authKey == undefined){
	throw "no authKey provided";
}

msg.setProperty("key", new java.lang.String(authKey));


auditLog.debug("End save of the authKey");</ns11:Script></ns2:ScriptedActivity></ns10:Activity></ns10:Activities><partnerLinks><partnerLink myRole="Consumer" name="Activity" partnerLinkType="ns12:ActivityPortTypeConsumer" xmlns:ns12="http://soa.com/processs"/></partnerLinks><variables><variable messageType="ns12:ActivityMessage" name="message" xmlns:ns12="http://soa.com/process/activity"/><variable messageType="ns12:ActivityMessage" name="fault" xmlns:ns12="http://soa.com/process/activity"/></variables><sequence><invoke inputVariable="message" name="saveAuthKey" operation="invoke" outputVariable="message" partnerLink="Activity" portType="ns10:ActivityPortType"><ns2:InvocationExt endpoint="saveAuthKey" propagateExchange="true" service="ns10:ActivityService"/></invoke></sequence></process>