<?xml version="1.0" encoding="UTF-8"?>
<process name="SalesForceOAuth" ns11:description="query's the files owned on Box" ns11:name="HelloWorld" ns11:orgKey="uddi:d74b43d5-e965-11e4-94bf-b0d1b8a1a875" ns2:processKey="bpel:39e32028-ea10-11e4-94bf-b0d1b8a1a875" targetNamespace="http://soa.com/processs" xmlns="http://schemas.xmlsoap.org/ws/2003/03/business-process/" xmlns:ns10="http://soa.com/capabilities/service/virtualization/bpel/activity" xmlns:ns11="http://soa.com/bpel/export" xmlns:ns2="http://soa.com/bpel/ext" xmlns:ns3="http://soa.com/capabilities/service/virtualization/bpel" xmlns:ns4="http://schemas.xmlsoap.org/ws/2006/02/addressingidentity" xmlns:ns5="http://www.w3.org/2000/09/xmldsig#" xmlns:ns6="http://docs.oasis-open.org/wss/2004/01/oasis-200401-wss-wssecurity-secext-1.0.xsd" xmlns:ns7="http://docs.oasis-open.org/wss/2004/01/oasis-200401-wss-wssecurity-utility-1.0.xsd" xmlns:ns8="http://schemas.xmlsoap.org/ws/2004/09/mex" xmlns:ns9="http://schemas.xmlsoap.org/ws/2003/05/partner-link/"><ns9:partnerLinkType name="ActivityPortTypeConsumer"><ns9:role name="Consumer"><ns9:portType name="ns10:ActivityPortType"/></ns9:role></ns9:partnerLinkType><ns10:Activities/><ns9:partnerLinkType name="SalesforceAuthentication_PortTypeConsumer"><ns9:role name="Consumer"><ns9:portType name="ns12:SalesforceAuthentication_PortType" xmlns:ns12="https://login.salesforce.com/services/oauth2"/></ns9:role></ns9:partnerLinkType><ns9:partnerLinkType name="SalesforceV20_API_PortTypeConsumer"><ns9:role name="Consumer"><ns9:portType name="ns12:SalesforceV20_API_PortType" xmlns:ns12="https://na4.salesforce.com/services/data/v20.0/"/></ns9:role></ns9:partnerLinkType><ns9:partnerLinkType name="Box_Content_API_PortTypeConsumer"><ns9:role name="Consumer"><ns9:portType name="ns12:Box_Content_API_PortType" xmlns:ns12="https://api.box.com/2.0"/></ns9:role></ns9:partnerLinkType><ns9:partnerLinkType name="Box_Upload_API_PortTypeConsumer"><ns9:role name="Consumer"><ns9:portType name="ns12:Box_Upload_API_PortType" xmlns:ns12="https://upload.box.com/api/2.0/"/></ns9:role></ns9:partnerLinkType><ns9:partnerLinkType name="Box_API_HookConsumer"><ns9:role name="Consumer"><ns9:portType name="ns12:Box_API_Hook" xmlns:ns12="https://api.box.com/2.0/hook"/></ns9:role></ns9:partnerLinkType><partnerLinks><partnerLink myRole="Consumer" name="Activity" partnerLinkType="ns12:ActivityPortTypeConsumer" xmlns:ns12="http://soa.com/processs"/><partnerLink myRole="Consumer" name="SalesforceAuthentication_PortTypePartnerLink" partnerLinkType="ns12:SalesforceAuthentication_PortTypeConsumer" xmlns:ns12="http://soa.com/processs"/><partnerLink myRole="Consumer" name="SalesforceV20_API_PortTypePartnerLink" partnerLinkType="ns12:SalesforceV20_API_PortTypeConsumer" xmlns:ns12="http://soa.com/processs"/><partnerLink myRole="Consumer" name="Box_Content_API_PortTypePartnerLink" partnerLinkType="ns12:Box_Content_API_PortTypeConsumer" xmlns:ns12="http://soa.com/processs"/><partnerLink myRole="Consumer" name="Box_Upload_API_PortTypePartnerLink" partnerLinkType="ns12:Box_Upload_API_PortTypeConsumer" xmlns:ns12="http://soa.com/processs"/><partnerLink myRole="Consumer" name="Box_API_HookPartnerLink" partnerLinkType="ns12:Box_API_HookConsumer" xmlns:ns12="http://soa.com/processs"/></partnerLinks><variables><variable messageType="ns12:ActivityMessage" name="message" xmlns:ns12="http://soa.com/process/activity"/><variable messageType="ns12:ActivityMessage" name="fault" xmlns:ns12="http://soa.com/process/activity"/><variable defaultValue="" name="boxResultCode" type="xs:string" xmlns:xs="http://www.w3.org/2001/XMLSchema"/><variable defaultValue="" name="path" type="xs:string" xmlns:xs="http://www.w3.org/2001/XMLSchema"/><variable messageType="ns12:ActivityMessage" name="BoxMessage" xmlns:ns12="http://soa.com/process/activity"/><variable messageType="ns12:ActivityMessage" name="BoxOutput" xmlns:ns12="http://soa.com/process/activity"/><variable defaultValue="" name="FolderID" type="xs:string" xmlns:xs="http://www.w3.org/2001/XMLSchema"/><variable messageType="ns12:ActivityMessage" name="BoxSearch" xmlns:ns12="http://soa.com/process/activity"/><variable messageType="ns12:ActivityMessage" name="BoxSearchResult" xmlns:ns12="http://soa.com/process/activity"/><variable messageType="ns12:ActivityMessage" name="AddFolder" xmlns:ns12="http://soa.com/process/activity"/><variable messageType="ns12:ActivityMessage" name="AddFolderResult" xmlns:ns12="http://soa.com/process/activity"/><variable defaultValue="" name="IDLength" type="xs:string" xmlns:xs="http://www.w3.org/2001/XMLSchema"/><variable messageType="ns12:ActivityMessage" name="BoxDelete" xmlns:ns12="http://soa.com/process/activity"/><variable messageType="ns12:ActivityMessage" name="BoxDeleteResult" xmlns:ns12="http://soa.com/process/activity"/><variable defaultValue="" name="Status" type="xs:string" xmlns:xs="http://www.w3.org/2001/XMLSchema"/><variable defaultValue="" name="FileID" type="xs:string" xmlns:xs="http://www.w3.org/2001/XMLSchema"/><variable name="FileContent" type="xs:any" xmlns:xs="http://www.w3.org/2001/XMLSchema"/></variables><sequence><invoke inputVariable="message" name="getMyDetails" operation="GET__users_me" outputVariable="message" partnerLink="Box_Content_API_PortTypePartnerLink" portType="ns12:Box_Content_API_PortType" xmlns:ns12="https://api.box.com/2.0"><ns2:InvocationExt service="ns13:Box_Content_API" xmlns:ns13="https://api.box.com/2.0/hook"><ns2:Audit/></ns2:InvocationExt></invoke></sequence></process>