<?xml version="1.0" encoding="UTF-8"?>
<ActivityGraph xmlns="http://soa.com/uri/products/activity/graph/xsd/1.0"><PositionElements><Position ActivityName="Receive"><XPosition>100</XPosition><YPosition>100</YPosition></Position><Position ActivityName="Process1"><XPosition>208</XPosition><YPosition>87</YPosition></Position><Position ActivityName="Invoke"><XPosition>340</XPosition><YPosition>90.5</YPosition></Position><Position ActivityName="Reply"><XPosition>450</XPosition><YPosition>103</YPosition></Position></PositionElements></ActivityGraph>