<?xml version="1.0" encoding="UTF-8"?>
<process name="GET__authorize" ns2:processKey="bpel:28359128-e967-11e4-94bf-b0d1b8a1a875" targetNamespace="https://login.mailchimp.com/oauth2" xmlns="http://schemas.xmlsoap.org/ws/2003/03/business-process/" xmlns:ns10="http://soa.com/capabilities/service/virtualization/bpel/activity" xmlns:ns2="http://soa.com/bpel/ext" xmlns:ns3="http://soa.com/capabilities/service/virtualization/bpel" xmlns:ns4="http://schemas.xmlsoap.org/ws/2006/02/addressingidentity" xmlns:ns5="http://www.w3.org/2000/09/xmldsig#" xmlns:ns6="http://docs.oasis-open.org/wss/2004/01/oasis-200401-wss-wssecurity-secext-1.0.xsd" xmlns:ns7="http://docs.oasis-open.org/wss/2004/01/oasis-200401-wss-wssecurity-utility-1.0.xsd" xmlns:ns8="http://schemas.xmlsoap.org/ws/2004/09/mex" xmlns:ns9="http://schemas.xmlsoap.org/ws/2003/05/partner-link/"><ns9:partnerLinkType name="MailChimp_OAuth_API_PortTypeProvider"><ns9:role name="Provider"><ns9:portType name="ns11:MailChimp_OAuth_API_PortType" xmlns:ns11="https://login.mailchimp.com/oauth2"/></ns9:role></ns9:partnerLinkType><ns9:partnerLinkType name="MailChimp_OAuth_API_PortTypeConsumer"><ns9:role name="Consumer"><ns9:portType name="ns11:MailChimp_OAuth_API_PortType" xmlns:ns11="https://login.mailchimp.com/oauth2"/></ns9:role></ns9:partnerLinkType><ns9:partnerLinkType name="ActivityPortTypeConsumer"><ns9:role name="Consumer"><ns9:portType name="ns10:ActivityPortType"/></ns9:role></ns9:partnerLinkType><ns10:Activities><ns10:Activity ActivityType="ns11:ScriptedActivity" LastUpdated="1429844138218" Name="ReturnRedirect" xmlns:ns11="http://soa.com/uri/products/activity/script/xsd/1.0"><ns2:ScriptedActivity xmlns="http://soa.com/uri/products/activity/audit/xsd/1.0" xmlns:ns2="http://soa.com/uri/products/activity/script/xsd/1.0" xmlns:ns3="http://soa.com/uri/products/activity/stripxml/xsd/1.0" xmlns:ns4="http://soa.com/uri/products/activity/xform/xsd/1.0" xmlns:ns5="http://soa.com/uri/products/activity/process/xsd/1.0" xmlns:ns6="http://soa.com/uri/products/activity/insertxml/xsd/1.0" xmlns:ns7="http://soa.com/uri/products/activity/insertcontent/xsd/1.0"><ns2:Language>js</ns2:Language><ns2:Script>// *************************************************************
// *************************************************************
// **
// **  send back a redirect with the real /authorize parms
// **
// **  in the Location header
// **
// *************************************************************
// *************************************************************
auditLog.debug("starting authorise redirect");
var msg = msgFactory.create("application/json");
var headers = msg.getTransportHeaders();
if (headers == null) {
	headers = msg.createTransportHeaders();
}

map = {
    message : processContext.getVariable("message"),
    exchange : processContext.getCreatingExchange()
};

var parms = getQueryParameters(map);
var redirectURI = encodeURIComponent(MailChimpHook.vars.get("MC_Hook", "redirectURI"));
var location = "https://login.mailchimp.com/oauth2/authorize?response_type=code&amp;client_id="+parms.client_id+"&amp;redirect_uri="+redirectURI;;
auditLog.debug("Location header value is "+location);

headers.add("Location",location);

msg.setProperty("http.status.code.property","302");

processContext.setVariable("message", msg);

var credentials = new java.util.HashMap();
credentials.put("client_id", parms.client_id);
credentials.put("client_secret", parms.client_secret);

var cache = MailChimpHook.glbCacheMgr.getCache("mc_hook");
cache.put("credentials", credentials, 30*60);


auditLog.debug("finishing authorise redirect");</ns2:Script><ns2:Import>script:59de61c1-ea10-11e4-94bf-b0d1b8a1a875</ns2:Import><ns2:Import>script:6d7555fd-ea10-11e4-94bf-b0d1b8a1a875</ns2:Import></ns2:ScriptedActivity></ns10:Activity></ns10:Activities><partnerLinks><partnerLink myRole="Provider" name="initial" partnerLinkType="ns11:MailChimp_OAuth_API_PortTypeProvider" xmlns:ns11="https://login.mailchimp.com/oauth2"/><partnerLink myRole="Consumer" name="nextHop" partnerLinkType="ns11:MailChimp_OAuth_API_PortTypeConsumer" xmlns:ns11="https://login.mailchimp.com/oauth2"/><partnerLink myRole="Consumer" name="Activity" partnerLinkType="ns11:ActivityPortTypeConsumer" xmlns:ns11="https://login.mailchimp.com/oauth2"/></partnerLinks><variables><variable messageType="ns11:ActivityMessage" name="message" xmlns:ns11="http://soa.com/process/activity"/><variable messageType="ns11:ActivityMessage" name="fault" xmlns:ns11="http://soa.com/process/activity"/></variables><faultHandlers><catchAll><sequence><reply faultName="ns2:ExistingFault" name="FaultReply" operation="GET__authorize" partnerLink="initial" portType="ns11:MailChimp_OAuth_API_PortType" variable="fault" xmlns:ns11="https://login.mailchimp.com/oauth2"/></sequence></catchAll></faultHandlers><sequence><receive createInstance="yes" name="Receive" operation="GET__authorize" partnerLink="initial" portType="ns11:MailChimp_OAuth_API_PortType" variable="message" xmlns:ns11="https://login.mailchimp.com/oauth2"/><invoke inputVariable="message" name="ReturnRedirect" operation="invoke" outputVariable="message" partnerLink="Activity" portType="ns10:ActivityPortType"><ns2:InvocationExt endpoint="ReturnRedirect" propagateExchange="true" service="ns10:ActivityService"/></invoke><reply name="Reply" operation="GET__authorize" partnerLink="initial" portType="ns11:MailChimp_OAuth_API_PortType" variable="message" xmlns:ns11="https://login.mailchimp.com/oauth2"/></sequence></process>