<?xml version="1.0" encoding="UTF-8"?>
<ActivityGraph xmlns="http://soa.com/uri/products/activity/graph/xsd/1.0"><PositionElements><Position ActivityName="Receive"><XPosition>100</XPosition><YPosition>100</YPosition></Position><Position ActivityName="GetAccessToken"><XPosition>190</XPosition><YPosition>90</YPosition></Position><Position ActivityName="GetAccessPoint"><XPosition>300</XPosition><YPosition>90</YPosition></Position><Position ActivityName="ReturnTokenKey"><XPosition>410</XPosition><YPosition>90</YPosition></Position><Position ActivityName="Reply"><XPosition>530</XPosition><YPosition>100</YPosition></Position></PositionElements></ActivityGraph>