<?xml version="1.0" encoding="UTF-8"?>
<VirtualServiceConfiguration LastUpdated="1430355218618" ServiceName="ns13:Mail_Chimp_API_vs0" xmlns="http://soa.com/capabilities/service/virtualization/bpel" xmlns:ns10="http://schemas.xmlsoap.org/ws/2003/03/business-process/" xmlns:ns11="http://soa.com/bpel/ext" xmlns:ns12="http://schemas.xmlsoap.org/ws/2003/05/partner-link/" xmlns:ns13="https://dc.api.mailchimp.com/2.0" xmlns:ns2="http://schemas.xmlsoap.org/ws/2006/02/addressingidentity" xmlns:ns3="http://www.w3.org/2000/09/xmldsig#" xmlns:ns4="http://docs.oasis-open.org/wss/2004/01/oasis-200401-wss-wssecurity-secext-1.0.xsd" xmlns:ns5="http://docs.oasis-open.org/wss/2004/01/oasis-200401-wss-wssecurity-utility-1.0.xsd" xmlns:ns6="http://schemas.xmlsoap.org/ws/2004/09/mex" xmlns:ns7="http://soa.com/capabilities/service/virtualization/bpel/activity" xmlns:ns8="http://www.w3.org/2001/04/xmlenc#" xmlns:ns9="http://federatedgovernance.org/mc/configuration/x509"><OutboundIdentityConfig><UseInboundIdentities xmlns:xs="http://www.w3.org/2001/XMLSchema" xmlns:xsi="http://www.w3.org/2001/XMLSchema-instance" xsi:type="xs:boolean">true</UseInboundIdentities><UseServiceIdentityForHTTPS>false</UseServiceIdentityForHTTPS></OutboundIdentityConfig><OperationImplementation InterfaceName="ns13:Mail_Chimp_API_PortType" LastUpdated="1430274929243" OperationName="POST__campaigns_content.json"><Process/><BindingHeaderInstructions><PreserveBindingHeaders>false</PreserveBindingHeaders></BindingHeaderInstructions><TransportHeaderInstructions><PreserveTransportHeaders>false</PreserveTransportHeaders></TransportHeaderInstructions></OperationImplementation><OperationImplementation InterfaceName="ns13:Mail_Chimp_API_PortType" LastUpdated="1430274994990" OperationName="POST__campaigns_create.json"><Process/><BindingHeaderInstructions><PreserveBindingHeaders>false</PreserveBindingHeaders></BindingHeaderInstructions><TransportHeaderInstructions><PreserveTransportHeaders>false</PreserveTransportHeaders></TransportHeaderInstructions></OperationImplementation><OperationImplementation InterfaceName="ns13:Mail_Chimp_API_PortType" LastUpdated="1430275051781" OperationName="POST__campaigns_delete.json"><Process/><BindingHeaderInstructions><PreserveBindingHeaders>false</PreserveBindingHeaders></BindingHeaderInstructions><TransportHeaderInstructions><PreserveTransportHeaders>false</PreserveTransportHeaders></TransportHeaderInstructions></OperationImplementation><OperationImplementation InterfaceName="ns13:Mail_Chimp_API_PortType" LastUpdated="1430275090090" OperationName="POST__campaigns_list.json"><Process/><BindingHeaderInstructions><PreserveBindingHeaders>false</PreserveBindingHeaders></BindingHeaderInstructions><TransportHeaderInstructions><PreserveTransportHeaders>false</PreserveTransportHeaders></TransportHeaderInstructions></OperationImplementation><OperationImplementation InterfaceName="ns13:Mail_Chimp_API_PortType" LastUpdated="1430275125519" OperationName="POST__campaigns_pause.json"><Process/><BindingHeaderInstructions><PreserveBindingHeaders>false</PreserveBindingHeaders></BindingHeaderInstructions><TransportHeaderInstructions><PreserveTransportHeaders>false</PreserveTransportHeaders></TransportHeaderInstructions></OperationImplementation><OperationImplementation InterfaceName="ns13:Mail_Chimp_API_PortType" LastUpdated="1430275163096" OperationName="POST__campaigns_ready.json"><Process/><BindingHeaderInstructions><PreserveBindingHeaders>false</PreserveBindingHeaders></BindingHeaderInstructions><TransportHeaderInstructions><PreserveTransportHeaders>false</PreserveTransportHeaders></TransportHeaderInstructions></OperationImplementation><OperationImplementation InterfaceName="ns13:Mail_Chimp_API_PortType" LastUpdated="1430275199133" OperationName="POST__campaigns_replicate.json"><Process/><BindingHeaderInstructions><PreserveBindingHeaders>false</PreserveBindingHeaders></BindingHeaderInstructions><TransportHeaderInstructions><PreserveTransportHeaders>false</PreserveTransportHeaders></TransportHeaderInstructions></OperationImplementation><OperationImplementation InterfaceName="ns13:Mail_Chimp_API_PortType" LastUpdated="1430282278804" OperationName="POST__campaigns_resume.json"><Process/><BindingHeaderInstructions><PreserveBindingHeaders>false</PreserveBindingHeaders></BindingHeaderInstructions><TransportHeaderInstructions><PreserveTransportHeaders>false</PreserveTransportHeaders></TransportHeaderInstructions></OperationImplementation><OperationImplementation InterfaceName="ns13:Mail_Chimp_API_PortType" LastUpdated="1430282329620" OperationName="POST__campaigns_schedule-batch.json"><Process/><BindingHeaderInstructions><PreserveBindingHeaders>false</PreserveBindingHeaders></BindingHeaderInstructions><TransportHeaderInstructions><PreserveTransportHeaders>false</PreserveTransportHeaders></TransportHeaderInstructions></OperationImplementation><OperationImplementation InterfaceName="ns13:Mail_Chimp_API_PortType" LastUpdated="1430282379210" OperationName="POST__campaigns_schedule.json"><Process/><BindingHeaderInstructions><PreserveBindingHeaders>false</PreserveBindingHeaders></BindingHeaderInstructions><TransportHeaderInstructions><PreserveTransportHeaders>false</PreserveTransportHeaders></TransportHeaderInstructions></OperationImplementation><OperationImplementation InterfaceName="ns13:Mail_Chimp_API_PortType" LastUpdated="1430282620243" OperationName="POST__campaigns_segment-test.json"><Process/><BindingHeaderInstructions><PreserveBindingHeaders>false</PreserveBindingHeaders></BindingHeaderInstructions><TransportHeaderInstructions><PreserveTransportHeaders>false</PreserveTransportHeaders></TransportHeaderInstructions></OperationImplementation><OperationImplementation InterfaceName="ns13:Mail_Chimp_API_PortType" LastUpdated="1430282660638" OperationName="POST__campaigns_send-test.json"><Process/><BindingHeaderInstructions><PreserveBindingHeaders>false</PreserveBindingHeaders></BindingHeaderInstructions><TransportHeaderInstructions><PreserveTransportHeaders>false</PreserveTransportHeaders></TransportHeaderInstructions></OperationImplementation><OperationImplementation InterfaceName="ns13:Mail_Chimp_API_PortType" LastUpdated="1430282704585" OperationName="POST__campaigns_send.json"><Process/><BindingHeaderInstructions><PreserveBindingHeaders>false</PreserveBindingHeaders></BindingHeaderInstructions><TransportHeaderInstructions><PreserveTransportHeaders>false</PreserveTransportHeaders></TransportHeaderInstructions></OperationImplementation><OperationImplementation InterfaceName="ns13:Mail_Chimp_API_PortType" LastUpdated="1430282777253" OperationName="POST__campaigns_template-content.json"><Process/><BindingHeaderInstructions><PreserveBindingHeaders>false</PreserveBindingHeaders></BindingHeaderInstructions><TransportHeaderInstructions><PreserveTransportHeaders>false</PreserveTransportHeaders></TransportHeaderInstructions></OperationImplementation><OperationImplementation InterfaceName="ns13:Mail_Chimp_API_PortType" LastUpdated="1430282820573" OperationName="POST__campaigns_unschedule.json"><Process/><BindingHeaderInstructions><PreserveBindingHeaders>false</PreserveBindingHeaders></BindingHeaderInstructions><TransportHeaderInstructions><PreserveTransportHeaders>false</PreserveTransportHeaders></TransportHeaderInstructions></OperationImplementation><OperationImplementation InterfaceName="ns13:Mail_Chimp_API_PortType" LastUpdated="1430282870028" OperationName="POST__campaigns_update.json"><Process/><BindingHeaderInstructions><PreserveBindingHeaders>false</PreserveBindingHeaders></BindingHeaderInstructions><TransportHeaderInstructions><PreserveTransportHeaders>false</PreserveTransportHeaders></TransportHeaderInstructions></OperationImplementation><OperationImplementation InterfaceName="ns13:Mail_Chimp_API_PortType" LastUpdated="1430282933887" OperationName="POST__conversations_list.json"><Process/><BindingHeaderInstructions><PreserveBindingHeaders>false</PreserveBindingHeaders></BindingHeaderInstructions><TransportHeaderInstructions><PreserveTransportHeaders>false</PreserveTransportHeaders></TransportHeaderInstructions></OperationImplementation><OperationImplementation InterfaceName="ns13:Mail_Chimp_API_PortType" LastUpdated="1430282975122" OperationName="POST__conversations_messages.json"><Process/><BindingHeaderInstructions><PreserveBindingHeaders>false</PreserveBindingHeaders></BindingHeaderInstructions><TransportHeaderInstructions><PreserveTransportHeaders>false</PreserveTransportHeaders></TransportHeaderInstructions></OperationImplementation><OperationImplementation InterfaceName="ns13:Mail_Chimp_API_PortType" LastUpdated="1430283014137" OperationName="POST__conversations_reply.json"><Process/><BindingHeaderInstructions><PreserveBindingHeaders>false</PreserveBindingHeaders></BindingHeaderInstructions><TransportHeaderInstructions><PreserveTransportHeaders>false</PreserveTransportHeaders></TransportHeaderInstructions></OperationImplementation><OperationImplementation InterfaceName="ns13:Mail_Chimp_API_PortType" LastUpdated="1430283049892" OperationName="POST__ecomm_order-add.json"><Process/><BindingHeaderInstructions><PreserveBindingHeaders>false</PreserveBindingHeaders></BindingHeaderInstructions><TransportHeaderInstructions><PreserveTransportHeaders>false</PreserveTransportHeaders></TransportHeaderInstructions></OperationImplementation><OperationImplementation InterfaceName="ns13:Mail_Chimp_API_PortType" LastUpdated="1430283090824" OperationName="POST__ecomm_order-del.json"><Process/><BindingHeaderInstructions><PreserveBindingHeaders>false</PreserveBindingHeaders></BindingHeaderInstructions><TransportHeaderInstructions><PreserveTransportHeaders>false</PreserveTransportHeaders></TransportHeaderInstructions></OperationImplementation><OperationImplementation InterfaceName="ns13:Mail_Chimp_API_PortType" LastUpdated="1430283131319" OperationName="POST__ecomm_orders.json"><Process/><BindingHeaderInstructions><PreserveBindingHeaders>false</PreserveBindingHeaders></BindingHeaderInstructions><TransportHeaderInstructions><PreserveTransportHeaders>false</PreserveTransportHeaders></TransportHeaderInstructions></OperationImplementation><OperationImplementation InterfaceName="ns13:Mail_Chimp_API_PortType" LastUpdated="1430283168151" OperationName="POST__folders_add.json"><Process/><BindingHeaderInstructions><PreserveBindingHeaders>false</PreserveBindingHeaders></BindingHeaderInstructions><TransportHeaderInstructions><PreserveTransportHeaders>false</PreserveTransportHeaders></TransportHeaderInstructions></OperationImplementation><OperationImplementation InterfaceName="ns13:Mail_Chimp_API_PortType" LastUpdated="1430283217731" OperationName="POST__folders_del.json"><Process/><BindingHeaderInstructions><PreserveBindingHeaders>false</PreserveBindingHeaders></BindingHeaderInstructions><TransportHeaderInstructions><PreserveTransportHeaders>false</PreserveTransportHeaders></TransportHeaderInstructions></OperationImplementation><OperationImplementation InterfaceName="ns13:Mail_Chimp_API_PortType" LastUpdated="1430283259066" OperationName="POST__folders_list.json"><Process/><BindingHeaderInstructions><PreserveBindingHeaders>false</PreserveBindingHeaders></BindingHeaderInstructions><TransportHeaderInstructions><PreserveTransportHeaders>false</PreserveTransportHeaders></TransportHeaderInstructions></OperationImplementation><OperationImplementation InterfaceName="ns13:Mail_Chimp_API_PortType" LastUpdated="1430283300796" OperationName="POST__folders_update.json"><Process/><BindingHeaderInstructions><PreserveBindingHeaders>false</PreserveBindingHeaders></BindingHeaderInstructions><TransportHeaderInstructions><PreserveTransportHeaders>false</PreserveTransportHeaders></TransportHeaderInstructions></OperationImplementation><OperationImplementation InterfaceName="ns13:Mail_Chimp_API_PortType" LastUpdated="1430283344213" OperationName="POST__gallery_add-file-to-folder.json"><Process/><BindingHeaderInstructions><PreserveBindingHeaders>false</PreserveBindingHeaders></BindingHeaderInstructions><TransportHeaderInstructions><PreserveTransportHeaders>false</PreserveTransportHeaders></TransportHeaderInstructions></OperationImplementation><OperationImplementation InterfaceName="ns13:Mail_Chimp_API_PortType" LastUpdated="1430283399631" OperationName="POST__gallery_add-folder.json"><Process/><BindingHeaderInstructions><PreserveBindingHeaders>false</PreserveBindingHeaders></BindingHeaderInstructions><TransportHeaderInstructions><PreserveTransportHeaders>false</PreserveTransportHeaders></TransportHeaderInstructions></OperationImplementation><OperationImplementation InterfaceName="ns13:Mail_Chimp_API_PortType" LastUpdated="1430283455955" OperationName="POST__gallery_list-folders.json"><Process/><BindingHeaderInstructions><PreserveBindingHeaders>false</PreserveBindingHeaders></BindingHeaderInstructions><TransportHeaderInstructions><PreserveTransportHeaders>false</PreserveTransportHeaders></TransportHeaderInstructions></OperationImplementation><OperationImplementation InterfaceName="ns13:Mail_Chimp_API_PortType" LastUpdated="1430283498170" OperationName="POST__gallery_list.json"><Process/><BindingHeaderInstructions><PreserveBindingHeaders>false</PreserveBindingHeaders></BindingHeaderInstructions><TransportHeaderInstructions><PreserveTransportHeaders>false</PreserveTransportHeaders></TransportHeaderInstructions></OperationImplementation><OperationImplementation InterfaceName="ns13:Mail_Chimp_API_PortType" LastUpdated="1430283544268" OperationName="POST__gallery_remove-all-files-from-folder.json"><Process/><BindingHeaderInstructions><PreserveBindingHeaders>false</PreserveBindingHeaders></BindingHeaderInstructions><TransportHeaderInstructions><PreserveTransportHeaders>false</PreserveTransportHeaders></TransportHeaderInstructions></OperationImplementation><OperationImplementation InterfaceName="ns13:Mail_Chimp_API_PortType" LastUpdated="1430283598914" OperationName="POST__gallery_remove-file-from-folder.json"><Process/><BindingHeaderInstructions><PreserveBindingHeaders>false</PreserveBindingHeaders></BindingHeaderInstructions><TransportHeaderInstructions><PreserveTransportHeaders>false</PreserveTransportHeaders></TransportHeaderInstructions></OperationImplementation><OperationImplementation InterfaceName="ns13:Mail_Chimp_API_PortType" LastUpdated="1430283641043" OperationName="POST__gallery_remove-folder.json"><Process/><BindingHeaderInstructions><PreserveBindingHeaders>false</PreserveBindingHeaders></BindingHeaderInstructions><TransportHeaderInstructions><PreserveTransportHeaders>false</PreserveTransportHeaders></TransportHeaderInstructions></OperationImplementation><OperationImplementation InterfaceName="ns13:Mail_Chimp_API_PortType" LastUpdated="1430283682366" OperationName="POST__goal_events.json"><Process/><BindingHeaderInstructions><PreserveBindingHeaders>false</PreserveBindingHeaders></BindingHeaderInstructions><TransportHeaderInstructions><PreserveTransportHeaders>false</PreserveTransportHeaders></TransportHeaderInstructions></OperationImplementation><OperationImplementation InterfaceName="ns13:Mail_Chimp_API_PortType" LastUpdated="1430283718278" OperationName="POST__goal_record-event.json"><Process/><BindingHeaderInstructions><PreserveBindingHeaders>false</PreserveBindingHeaders></BindingHeaderInstructions><TransportHeaderInstructions><PreserveTransportHeaders>false</PreserveTransportHeaders></TransportHeaderInstructions></OperationImplementation><OperationImplementation InterfaceName="ns13:Mail_Chimp_API_PortType" LastUpdated="1430283755672" OperationName="POST__helper_account-details.json"><Process/><BindingHeaderInstructions><PreserveBindingHeaders>false</PreserveBindingHeaders></BindingHeaderInstructions><TransportHeaderInstructions><PreserveTransportHeaders>false</PreserveTransportHeaders></TransportHeaderInstructions></OperationImplementation><OperationImplementation InterfaceName="ns13:Mail_Chimp_API_PortType" LastUpdated="1430283794910" OperationName="POST__helper_campaigns-for-email.json"><Process/><BindingHeaderInstructions><PreserveBindingHeaders>false</PreserveBindingHeaders></BindingHeaderInstructions><TransportHeaderInstructions><PreserveTransportHeaders>false</PreserveTransportHeaders></TransportHeaderInstructions></OperationImplementation><OperationImplementation InterfaceName="ns13:Mail_Chimp_API_PortType" LastUpdated="1430283827813" OperationName="POST__helper_chimp-chatter.json"><Process/><BindingHeaderInstructions><PreserveBindingHeaders>false</PreserveBindingHeaders></BindingHeaderInstructions><TransportHeaderInstructions><PreserveTransportHeaders>false</PreserveTransportHeaders></TransportHeaderInstructions></OperationImplementation><OperationImplementation InterfaceName="ns13:Mail_Chimp_API_PortType" LastUpdated="1430283876065" OperationName="POST__helper_generate-text.json"><Process/><BindingHeaderInstructions><PreserveBindingHeaders>false</PreserveBindingHeaders></BindingHeaderInstructions><TransportHeaderInstructions><PreserveTransportHeaders>false</PreserveTransportHeaders></TransportHeaderInstructions></OperationImplementation><OperationImplementation InterfaceName="ns13:Mail_Chimp_API_PortType" LastUpdated="1430283913781" OperationName="POST__helper_inline-css.json"><Process/><BindingHeaderInstructions><PreserveBindingHeaders>false</PreserveBindingHeaders></BindingHeaderInstructions><TransportHeaderInstructions><PreserveTransportHeaders>false</PreserveTransportHeaders></TransportHeaderInstructions></OperationImplementation><OperationImplementation InterfaceName="ns13:Mail_Chimp_API_PortType" LastUpdated="1430283952658" OperationName="POST__helper_lists-for-email.json"><Process/><BindingHeaderInstructions><PreserveBindingHeaders>false</PreserveBindingHeaders></BindingHeaderInstructions><TransportHeaderInstructions><PreserveTransportHeaders>false</PreserveTransportHeaders></TransportHeaderInstructions></OperationImplementation><OperationImplementation InterfaceName="ns13:Mail_Chimp_API_PortType" LastUpdated="1430283990390" OperationName="POST__helper_ping.json"><Process/><BindingHeaderInstructions><PreserveBindingHeaders>false</PreserveBindingHeaders></BindingHeaderInstructions><TransportHeaderInstructions><PreserveTransportHeaders>false</PreserveTransportHeaders></TransportHeaderInstructions></OperationImplementation><OperationImplementation InterfaceName="ns13:Mail_Chimp_API_PortType" LastUpdated="1430284030213" OperationName="POST__helper_search-campaigns.json"><Process/><BindingHeaderInstructions><PreserveBindingHeaders>false</PreserveBindingHeaders></BindingHeaderInstructions><TransportHeaderInstructions><PreserveTransportHeaders>false</PreserveTransportHeaders></TransportHeaderInstructions></OperationImplementation><OperationImplementation InterfaceName="ns13:Mail_Chimp_API_PortType" LastUpdated="1430284073283" OperationName="POST__helper_search-members.json"><Process/><BindingHeaderInstructions><PreserveBindingHeaders>false</PreserveBindingHeaders></BindingHeaderInstructions><TransportHeaderInstructions><PreserveTransportHeaders>false</PreserveTransportHeaders></TransportHeaderInstructions></OperationImplementation><OperationImplementation InterfaceName="ns13:Mail_Chimp_API_PortType" LastUpdated="1430284111090" OperationName="POST__helper_verified-domains.json"><Process/><BindingHeaderInstructions><PreserveBindingHeaders>false</PreserveBindingHeaders></BindingHeaderInstructions><TransportHeaderInstructions><PreserveTransportHeaders>false</PreserveTransportHeaders></TransportHeaderInstructions></OperationImplementation><OperationImplementation InterfaceName="ns13:Mail_Chimp_API_PortType" LastUpdated="1430284154426" OperationName="POST__lists_abuse-reports.json"><Process/><BindingHeaderInstructions><PreserveBindingHeaders>false</PreserveBindingHeaders></BindingHeaderInstructions><TransportHeaderInstructions><PreserveTransportHeaders>false</PreserveTransportHeaders></TransportHeaderInstructions></OperationImplementation><OperationImplementation InterfaceName="ns13:Mail_Chimp_API_PortType" LastUpdated="1430284189214" OperationName="POST__lists_activity.json"><Process/><BindingHeaderInstructions><PreserveBindingHeaders>false</PreserveBindingHeaders></BindingHeaderInstructions><TransportHeaderInstructions><PreserveTransportHeaders>false</PreserveTransportHeaders></TransportHeaderInstructions></OperationImplementation><OperationImplementation InterfaceName="ns13:Mail_Chimp_API_PortType" LastUpdated="1430274517234" OperationName="POST__lists_batch-subscribe.json"><Process/><BindingHeaderInstructions><PreserveBindingHeaders>false</PreserveBindingHeaders></BindingHeaderInstructions><TransportHeaderInstructions><PreserveTransportHeaders>false</PreserveTransportHeaders></TransportHeaderInstructions></OperationImplementation><OperationImplementation InterfaceName="ns13:Mail_Chimp_API_PortType" LastUpdated="1430284239222" OperationName="POST__lists_batch-unsubscribe.json"><Process/><BindingHeaderInstructions><PreserveBindingHeaders>false</PreserveBindingHeaders></BindingHeaderInstructions><TransportHeaderInstructions><PreserveTransportHeaders>false</PreserveTransportHeaders></TransportHeaderInstructions></OperationImplementation><OperationImplementation InterfaceName="ns13:Mail_Chimp_API_PortType" LastUpdated="1430284282243" OperationName="POST__lists_clients.json"><Process/><BindingHeaderInstructions><PreserveBindingHeaders>false</PreserveBindingHeaders></BindingHeaderInstructions><TransportHeaderInstructions><PreserveTransportHeaders>false</PreserveTransportHeaders></TransportHeaderInstructions></OperationImplementation><OperationImplementation InterfaceName="ns13:Mail_Chimp_API_PortType" LastUpdated="1430284320061" OperationName="POST__lists_growth-history.json"><Process/><BindingHeaderInstructions><PreserveBindingHeaders>false</PreserveBindingHeaders></BindingHeaderInstructions><TransportHeaderInstructions><PreserveTransportHeaders>false</PreserveTransportHeaders></TransportHeaderInstructions></OperationImplementation><OperationImplementation InterfaceName="ns13:Mail_Chimp_API_PortType" LastUpdated="1430284358995" OperationName="POST__lists_interest-group-add.json"><Process/><BindingHeaderInstructions><PreserveBindingHeaders>false</PreserveBindingHeaders></BindingHeaderInstructions><TransportHeaderInstructions><PreserveTransportHeaders>false</PreserveTransportHeaders></TransportHeaderInstructions></OperationImplementation><OperationImplementation InterfaceName="ns13:Mail_Chimp_API_PortType" LastUpdated="1430284399161" OperationName="POST__lists_interest-group-del.json"><Process/><BindingHeaderInstructions><PreserveBindingHeaders>false</PreserveBindingHeaders></BindingHeaderInstructions><TransportHeaderInstructions><PreserveTransportHeaders>false</PreserveTransportHeaders></TransportHeaderInstructions></OperationImplementation><OperationImplementation InterfaceName="ns13:Mail_Chimp_API_PortType" LastUpdated="1430284436004" OperationName="POST__lists_interest-grouping-update.json"><Process/><BindingHeaderInstructions><PreserveBindingHeaders>false</PreserveBindingHeaders></BindingHeaderInstructions><TransportHeaderInstructions><PreserveTransportHeaders>false</PreserveTransportHeaders></TransportHeaderInstructions></OperationImplementation><OperationImplementation InterfaceName="ns13:Mail_Chimp_API_PortType" LastUpdated="1430351243102" OperationName="POST__lists_interest-groupings.json"><Process/><BindingHeaderInstructions><PreserveBindingHeaders>false</PreserveBindingHeaders></BindingHeaderInstructions><TransportHeaderInstructions><PreserveTransportHeaders>false</PreserveTransportHeaders></TransportHeaderInstructions></OperationImplementation><OperationImplementation InterfaceName="ns13:Mail_Chimp_API_PortType" LastUpdated="1430275728399" OperationName="POST__lists_list.json"><Process/><BindingHeaderInstructions><PreserveBindingHeaders>false</PreserveBindingHeaders></BindingHeaderInstructions><TransportHeaderInstructions><PreserveTransportHeaders>false</PreserveTransportHeaders></TransportHeaderInstructions></OperationImplementation><OperationImplementation InterfaceName="ns13:Mail_Chimp_API_PortType" LastUpdated="1430351297482" OperationName="POST__lists_locations.json"><Process/><BindingHeaderInstructions><PreserveBindingHeaders>false</PreserveBindingHeaders></BindingHeaderInstructions><TransportHeaderInstructions><PreserveTransportHeaders>false</PreserveTransportHeaders></TransportHeaderInstructions></OperationImplementation><OperationImplementation InterfaceName="ns13:Mail_Chimp_API_PortType" LastUpdated="1430351349339" OperationName="POST__lists_member-activity.json"><Process/><BindingHeaderInstructions><PreserveBindingHeaders>false</PreserveBindingHeaders></BindingHeaderInstructions><TransportHeaderInstructions><PreserveTransportHeaders>false</PreserveTransportHeaders></TransportHeaderInstructions></OperationImplementation><OperationImplementation InterfaceName="ns13:Mail_Chimp_API_PortType" LastUpdated="1430351394103" OperationName="POST__lists_member-info.json"><Process/><BindingHeaderInstructions><PreserveBindingHeaders>false</PreserveBindingHeaders></BindingHeaderInstructions><TransportHeaderInstructions><PreserveTransportHeaders>false</PreserveTransportHeaders></TransportHeaderInstructions></OperationImplementation><OperationImplementation InterfaceName="ns13:Mail_Chimp_API_PortType" LastUpdated="1430351522812" OperationName="POST__lists_members.json"><Process/><BindingHeaderInstructions><PreserveBindingHeaders>false</PreserveBindingHeaders></BindingHeaderInstructions><TransportHeaderInstructions><PreserveTransportHeaders>false</PreserveTransportHeaders></TransportHeaderInstructions></OperationImplementation><OperationImplementation InterfaceName="ns13:Mail_Chimp_API_PortType" LastUpdated="1430351796505" OperationName="POST__lists_merge-var-add.json"><Process/><BindingHeaderInstructions><PreserveBindingHeaders>false</PreserveBindingHeaders></BindingHeaderInstructions><TransportHeaderInstructions><PreserveTransportHeaders>false</PreserveTransportHeaders></TransportHeaderInstructions></OperationImplementation><OperationImplementation InterfaceName="ns13:Mail_Chimp_API_PortType" LastUpdated="1430352077990" OperationName="POST__lists_merge-var-del.json"><Process/><BindingHeaderInstructions><PreserveBindingHeaders>false</PreserveBindingHeaders></BindingHeaderInstructions><TransportHeaderInstructions><PreserveTransportHeaders>false</PreserveTransportHeaders></TransportHeaderInstructions></OperationImplementation><OperationImplementation InterfaceName="ns13:Mail_Chimp_API_PortType" LastUpdated="1430352123447" OperationName="POST__lists_merge-var-reset.json"><Process/><BindingHeaderInstructions><PreserveBindingHeaders>false</PreserveBindingHeaders></BindingHeaderInstructions><TransportHeaderInstructions><PreserveTransportHeaders>false</PreserveTransportHeaders></TransportHeaderInstructions></OperationImplementation><OperationImplementation InterfaceName="ns13:Mail_Chimp_API_PortType" LastUpdated="1430352165554" OperationName="POST__lists_merge-var-set.json"><Process/><BindingHeaderInstructions><PreserveBindingHeaders>false</PreserveBindingHeaders></BindingHeaderInstructions><TransportHeaderInstructions><PreserveTransportHeaders>false</PreserveTransportHeaders></TransportHeaderInstructions></OperationImplementation><OperationImplementation InterfaceName="ns13:Mail_Chimp_API_PortType" LastUpdated="1430352336231" OperationName="POST__lists_merge-vars.json"><Process/><BindingHeaderInstructions><PreserveBindingHeaders>false</PreserveBindingHeaders></BindingHeaderInstructions><TransportHeaderInstructions><PreserveTransportHeaders>false</PreserveTransportHeaders></TransportHeaderInstructions></OperationImplementation><OperationImplementation InterfaceName="ns13:Mail_Chimp_API_PortType" LastUpdated="1430352434032" OperationName="POST__lists_segment-add.json"><Process/><BindingHeaderInstructions><PreserveBindingHeaders>false</PreserveBindingHeaders></BindingHeaderInstructions><TransportHeaderInstructions><PreserveTransportHeaders>false</PreserveTransportHeaders></TransportHeaderInstructions></OperationImplementation><OperationImplementation InterfaceName="ns13:Mail_Chimp_API_PortType" LastUpdated="1430352990422" OperationName="POST__lists_segment-del.json"><Process/><BindingHeaderInstructions><PreserveBindingHeaders>false</PreserveBindingHeaders></BindingHeaderInstructions><TransportHeaderInstructions><PreserveTransportHeaders>false</PreserveTransportHeaders></TransportHeaderInstructions></OperationImplementation><OperationImplementation InterfaceName="ns13:Mail_Chimp_API_PortType" LastUpdated="1430353033128" OperationName="POST__lists_segment-test.json"><Process/><BindingHeaderInstructions><PreserveBindingHeaders>false</PreserveBindingHeaders></BindingHeaderInstructions><TransportHeaderInstructions><PreserveTransportHeaders>false</PreserveTransportHeaders></TransportHeaderInstructions></OperationImplementation><OperationImplementation InterfaceName="ns13:Mail_Chimp_API_PortType" LastUpdated="1430353079379" OperationName="POST__lists_segment-update.json"><Process/><BindingHeaderInstructions><PreserveBindingHeaders>false</PreserveBindingHeaders></BindingHeaderInstructions><TransportHeaderInstructions><PreserveTransportHeaders>false</PreserveTransportHeaders></TransportHeaderInstructions></OperationImplementation><OperationImplementation InterfaceName="ns13:Mail_Chimp_API_PortType" LastUpdated="1430353211886" OperationName="POST__lists_segments.json"><Process/><BindingHeaderInstructions><PreserveBindingHeaders>false</PreserveBindingHeaders></BindingHeaderInstructions><TransportHeaderInstructions><PreserveTransportHeaders>false</PreserveTransportHeaders></TransportHeaderInstructions></OperationImplementation><OperationImplementation InterfaceName="ns13:Mail_Chimp_API_PortType" LastUpdated="1430353254957" OperationName="POST__lists_static-segment-add.json"><Process/><BindingHeaderInstructions><PreserveBindingHeaders>false</PreserveBindingHeaders></BindingHeaderInstructions><TransportHeaderInstructions><PreserveTransportHeaders>false</PreserveTransportHeaders></TransportHeaderInstructions></OperationImplementation><OperationImplementation InterfaceName="ns13:Mail_Chimp_API_PortType" LastUpdated="1430353309894" OperationName="POST__lists_static-segment-del.json"><Process/><BindingHeaderInstructions><PreserveBindingHeaders>false</PreserveBindingHeaders></BindingHeaderInstructions><TransportHeaderInstructions><PreserveTransportHeaders>false</PreserveTransportHeaders></TransportHeaderInstructions></OperationImplementation><OperationImplementation InterfaceName="ns13:Mail_Chimp_API_PortType" LastUpdated="1430353351679" OperationName="POST__lists_static-segment-reset.json"><Process/><BindingHeaderInstructions><PreserveBindingHeaders>false</PreserveBindingHeaders></BindingHeaderInstructions><TransportHeaderInstructions><PreserveTransportHeaders>false</PreserveTransportHeaders></TransportHeaderInstructions></OperationImplementation><OperationImplementation InterfaceName="ns13:Mail_Chimp_API_PortType" LastUpdated="1430353400368" OperationName="POST__lists_static-segments.json"><Process/><BindingHeaderInstructions><PreserveBindingHeaders>false</PreserveBindingHeaders></BindingHeaderInstructions><TransportHeaderInstructions><PreserveTransportHeaders>false</PreserveTransportHeaders></TransportHeaderInstructions></OperationImplementation><OperationImplementation InterfaceName="ns13:Mail_Chimp_API_PortType" LastUpdated="1430353632097" OperationName="POST__lists_subscribe.json"><Process/><BindingHeaderInstructions><PreserveBindingHeaders>false</PreserveBindingHeaders></BindingHeaderInstructions><TransportHeaderInstructions><PreserveTransportHeaders>false</PreserveTransportHeaders></TransportHeaderInstructions></OperationImplementation><OperationImplementation InterfaceName="ns13:Mail_Chimp_API_PortType" LastUpdated="1430353665932" OperationName="POST__lists_unsubscribe.json"><Process/><BindingHeaderInstructions><PreserveBindingHeaders>false</PreserveBindingHeaders></BindingHeaderInstructions><TransportHeaderInstructions><PreserveTransportHeaders>false</PreserveTransportHeaders></TransportHeaderInstructions></OperationImplementation><OperationImplementation InterfaceName="ns13:Mail_Chimp_API_PortType" LastUpdated="1430353714031" OperationName="POST__lists_update-member.json"><Process/><BindingHeaderInstructions><PreserveBindingHeaders>false</PreserveBindingHeaders></BindingHeaderInstructions><TransportHeaderInstructions><PreserveTransportHeaders>false</PreserveTransportHeaders></TransportHeaderInstructions></OperationImplementation><OperationImplementation InterfaceName="ns13:Mail_Chimp_API_PortType" LastUpdated="1430353757553" OperationName="POST__lists_webhook-add.json"><Process/><BindingHeaderInstructions><PreserveBindingHeaders>false</PreserveBindingHeaders></BindingHeaderInstructions><TransportHeaderInstructions><PreserveTransportHeaders>false</PreserveTransportHeaders></TransportHeaderInstructions></OperationImplementation><OperationImplementation InterfaceName="ns13:Mail_Chimp_API_PortType" LastUpdated="1430353799124" OperationName="POST__lists_webhook-del.json"><Process/><BindingHeaderInstructions><PreserveBindingHeaders>false</PreserveBindingHeaders></BindingHeaderInstructions><TransportHeaderInstructions><PreserveTransportHeaders>false</PreserveTransportHeaders></TransportHeaderInstructions></OperationImplementation><OperationImplementation InterfaceName="ns13:Mail_Chimp_API_PortType" LastUpdated="1430353848224" OperationName="POST__lists_webhooks.json"><Process/><BindingHeaderInstructions><PreserveBindingHeaders>false</PreserveBindingHeaders></BindingHeaderInstructions><TransportHeaderInstructions><PreserveTransportHeaders>false</PreserveTransportHeaders></TransportHeaderInstructions></OperationImplementation><OperationImplementation InterfaceName="ns13:Mail_Chimp_API_PortType" LastUpdated="1430353887545" OperationName="POST__reports_abuse.json"><Process/><BindingHeaderInstructions><PreserveBindingHeaders>false</PreserveBindingHeaders></BindingHeaderInstructions><TransportHeaderInstructions><PreserveTransportHeaders>false</PreserveTransportHeaders></TransportHeaderInstructions></OperationImplementation><OperationImplementation InterfaceName="ns13:Mail_Chimp_API_PortType" LastUpdated="1430353924081" OperationName="POST__reports_advice.json"><Process/><BindingHeaderInstructions><PreserveBindingHeaders>false</PreserveBindingHeaders></BindingHeaderInstructions><TransportHeaderInstructions><PreserveTransportHeaders>false</PreserveTransportHeaders></TransportHeaderInstructions></OperationImplementation><OperationImplementation InterfaceName="ns13:Mail_Chimp_API_PortType" LastUpdated="1430353965981" OperationName="POST__reports_bounce-message.json"><Process/><BindingHeaderInstructions><PreserveBindingHeaders>false</PreserveBindingHeaders></BindingHeaderInstructions><TransportHeaderInstructions><PreserveTransportHeaders>false</PreserveTransportHeaders></TransportHeaderInstructions></OperationImplementation><OperationImplementation InterfaceName="ns13:Mail_Chimp_API_PortType" LastUpdated="1430354004648" OperationName="POST__reports_bounce-messages.json"><Process/><BindingHeaderInstructions><PreserveBindingHeaders>false</PreserveBindingHeaders></BindingHeaderInstructions><TransportHeaderInstructions><PreserveTransportHeaders>false</PreserveTransportHeaders></TransportHeaderInstructions></OperationImplementation><OperationImplementation InterfaceName="ns13:Mail_Chimp_API_PortType" LastUpdated="1430354062277" OperationName="POST__reports_click-detail.json"><Process/><BindingHeaderInstructions><PreserveBindingHeaders>false</PreserveBindingHeaders></BindingHeaderInstructions><TransportHeaderInstructions><PreserveTransportHeaders>false</PreserveTransportHeaders></TransportHeaderInstructions></OperationImplementation><OperationImplementation InterfaceName="ns13:Mail_Chimp_API_PortType" LastUpdated="1430354106108" OperationName="POST__reports_clicks.json"><Process/><BindingHeaderInstructions><PreserveBindingHeaders>false</PreserveBindingHeaders></BindingHeaderInstructions><TransportHeaderInstructions><PreserveTransportHeaders>false</PreserveTransportHeaders></TransportHeaderInstructions></OperationImplementation><OperationImplementation InterfaceName="ns13:Mail_Chimp_API_PortType" LastUpdated="1430354143444" OperationName="POST__reports_domain-performance.json"><Process/><BindingHeaderInstructions><PreserveBindingHeaders>false</PreserveBindingHeaders></BindingHeaderInstructions><TransportHeaderInstructions><PreserveTransportHeaders>false</PreserveTransportHeaders></TransportHeaderInstructions></OperationImplementation><OperationImplementation InterfaceName="ns13:Mail_Chimp_API_PortType" LastUpdated="1430354180839" OperationName="POST__reports_ecomm-orders.json"><Process/><BindingHeaderInstructions><PreserveBindingHeaders>false</PreserveBindingHeaders></BindingHeaderInstructions><TransportHeaderInstructions><PreserveTransportHeaders>false</PreserveTransportHeaders></TransportHeaderInstructions></OperationImplementation><OperationImplementation InterfaceName="ns13:Mail_Chimp_API_PortType" LastUpdated="1430354229338" OperationName="POST__reports_eepurl.json"><Process/><BindingHeaderInstructions><PreserveBindingHeaders>false</PreserveBindingHeaders></BindingHeaderInstructions><TransportHeaderInstructions><PreserveTransportHeaders>false</PreserveTransportHeaders></TransportHeaderInstructions></OperationImplementation><OperationImplementation InterfaceName="ns13:Mail_Chimp_API_PortType" LastUpdated="1430354268073" OperationName="POST__reports_geo-opens.json"><Process/><BindingHeaderInstructions><PreserveBindingHeaders>false</PreserveBindingHeaders></BindingHeaderInstructions><TransportHeaderInstructions><PreserveTransportHeaders>false</PreserveTransportHeaders></TransportHeaderInstructions></OperationImplementation><OperationImplementation InterfaceName="ns13:Mail_Chimp_API_PortType" LastUpdated="1430354305687" OperationName="POST__reports_google-analytics.json"><Process/><BindingHeaderInstructions><PreserveBindingHeaders>false</PreserveBindingHeaders></BindingHeaderInstructions><TransportHeaderInstructions><PreserveTransportHeaders>false</PreserveTransportHeaders></TransportHeaderInstructions></OperationImplementation><OperationImplementation InterfaceName="ns13:Mail_Chimp_API_PortType" LastUpdated="1430354344251" OperationName="POST__reports_member-activity.json"><Process/><BindingHeaderInstructions><PreserveBindingHeaders>false</PreserveBindingHeaders></BindingHeaderInstructions><TransportHeaderInstructions><PreserveTransportHeaders>false</PreserveTransportHeaders></TransportHeaderInstructions></OperationImplementation><OperationImplementation InterfaceName="ns13:Mail_Chimp_API_PortType" LastUpdated="1430354381932" OperationName="POST__reports_not-opened.json"><Process/><BindingHeaderInstructions><PreserveBindingHeaders>false</PreserveBindingHeaders></BindingHeaderInstructions><TransportHeaderInstructions><PreserveTransportHeaders>false</PreserveTransportHeaders></TransportHeaderInstructions></OperationImplementation><OperationImplementation InterfaceName="ns13:Mail_Chimp_API_PortType" LastUpdated="1430354431442" OperationName="POST__reports_opened.json"><Process/><BindingHeaderInstructions><PreserveBindingHeaders>false</PreserveBindingHeaders></BindingHeaderInstructions><TransportHeaderInstructions><PreserveTransportHeaders>false</PreserveTransportHeaders></TransportHeaderInstructions></OperationImplementation><OperationImplementation InterfaceName="ns13:Mail_Chimp_API_PortType" LastUpdated="1430354469632" OperationName="POST__reports_sent-to.json"><Process/><BindingHeaderInstructions><PreserveBindingHeaders>false</PreserveBindingHeaders></BindingHeaderInstructions><TransportHeaderInstructions><PreserveTransportHeaders>false</PreserveTransportHeaders></TransportHeaderInstructions></OperationImplementation><OperationImplementation InterfaceName="ns13:Mail_Chimp_API_PortType" LastUpdated="1430354512291" OperationName="POST__reports_share.json"><Process/><BindingHeaderInstructions><PreserveBindingHeaders>false</PreserveBindingHeaders></BindingHeaderInstructions><TransportHeaderInstructions><PreserveTransportHeaders>false</PreserveTransportHeaders></TransportHeaderInstructions></OperationImplementation><OperationImplementation InterfaceName="ns13:Mail_Chimp_API_PortType" LastUpdated="1430354550163" OperationName="POST__reports_summary.json"><Process/><BindingHeaderInstructions><PreserveBindingHeaders>false</PreserveBindingHeaders></BindingHeaderInstructions><TransportHeaderInstructions><PreserveTransportHeaders>false</PreserveTransportHeaders></TransportHeaderInstructions></OperationImplementation><OperationImplementation InterfaceName="ns13:Mail_Chimp_API_PortType" LastUpdated="1430354586912" OperationName="POST__reports_unsubscribes.json"><Process/><BindingHeaderInstructions><PreserveBindingHeaders>false</PreserveBindingHeaders></BindingHeaderInstructions><TransportHeaderInstructions><PreserveTransportHeaders>false</PreserveTransportHeaders></TransportHeaderInstructions></OperationImplementation><OperationImplementation InterfaceName="ns13:Mail_Chimp_API_PortType" LastUpdated="1430354626380" OperationName="POST__templates_add.json"><Process/><BindingHeaderInstructions><PreserveBindingHeaders>false</PreserveBindingHeaders></BindingHeaderInstructions><TransportHeaderInstructions><PreserveTransportHeaders>false</PreserveTransportHeaders></TransportHeaderInstructions></OperationImplementation><OperationImplementation InterfaceName="ns13:Mail_Chimp_API_PortType" LastUpdated="1430354661984" OperationName="POST__templates_del.json"><Process/><BindingHeaderInstructions><PreserveBindingHeaders>false</PreserveBindingHeaders></BindingHeaderInstructions><TransportHeaderInstructions><PreserveTransportHeaders>false</PreserveTransportHeaders></TransportHeaderInstructions></OperationImplementation><OperationImplementation InterfaceName="ns13:Mail_Chimp_API_PortType" LastUpdated="1430354720353" OperationName="POST__templates_info.json"><Process/><BindingHeaderInstructions><PreserveBindingHeaders>false</PreserveBindingHeaders></BindingHeaderInstructions><TransportHeaderInstructions><PreserveTransportHeaders>false</PreserveTransportHeaders></TransportHeaderInstructions></OperationImplementation><OperationImplementation InterfaceName="ns13:Mail_Chimp_API_PortType" LastUpdated="1430354755573" OperationName="POST__templates_list.json"><Process/><BindingHeaderInstructions><PreserveBindingHeaders>false</PreserveBindingHeaders></BindingHeaderInstructions><TransportHeaderInstructions><PreserveTransportHeaders>false</PreserveTransportHeaders></TransportHeaderInstructions></OperationImplementation><OperationImplementation InterfaceName="ns13:Mail_Chimp_API_PortType" LastUpdated="1430354802072" OperationName="POST__templates_undel.json"><Process/><BindingHeaderInstructions><PreserveBindingHeaders>false</PreserveBindingHeaders></BindingHeaderInstructions><TransportHeaderInstructions><PreserveTransportHeaders>false</PreserveTransportHeaders></TransportHeaderInstructions></OperationImplementation><OperationImplementation InterfaceName="ns13:Mail_Chimp_API_PortType" LastUpdated="1430354843815" OperationName="POST__templates_update.json"><Process/><BindingHeaderInstructions><PreserveBindingHeaders>false</PreserveBindingHeaders></BindingHeaderInstructions><TransportHeaderInstructions><PreserveTransportHeaders>false</PreserveTransportHeaders></TransportHeaderInstructions></OperationImplementation><OperationImplementation InterfaceName="ns13:Mail_Chimp_API_PortType" LastUpdated="1430354878356" OperationName="POST__users_invite-resend.json"><Process/><BindingHeaderInstructions><PreserveBindingHeaders>false</PreserveBindingHeaders></BindingHeaderInstructions><TransportHeaderInstructions><PreserveTransportHeaders>false</PreserveTransportHeaders></TransportHeaderInstructions></OperationImplementation><OperationImplementation InterfaceName="ns13:Mail_Chimp_API_PortType" LastUpdated="1430354916207" OperationName="POST__users_invite-revoke.json"><Process/><BindingHeaderInstructions><PreserveBindingHeaders>false</PreserveBindingHeaders></BindingHeaderInstructions><TransportHeaderInstructions><PreserveTransportHeaders>false</PreserveTransportHeaders></TransportHeaderInstructions></OperationImplementation><OperationImplementation InterfaceName="ns13:Mail_Chimp_API_PortType" LastUpdated="1430354948592" OperationName="POST__users_invite.json"><Process/><BindingHeaderInstructions><PreserveBindingHeaders>false</PreserveBindingHeaders></BindingHeaderInstructions><TransportHeaderInstructions><PreserveTransportHeaders>false</PreserveTransportHeaders></TransportHeaderInstructions></OperationImplementation><OperationImplementation InterfaceName="ns13:Mail_Chimp_API_PortType" LastUpdated="1430354983153" OperationName="POST__users_invites.json"><Process/><BindingHeaderInstructions><PreserveBindingHeaders>false</PreserveBindingHeaders></BindingHeaderInstructions><TransportHeaderInstructions><PreserveTransportHeaders>false</PreserveTransportHeaders></TransportHeaderInstructions></OperationImplementation><OperationImplementation InterfaceName="ns13:Mail_Chimp_API_PortType" LastUpdated="1430355016912" OperationName="POST__users_login-revoke.json"><Process/><BindingHeaderInstructions><PreserveBindingHeaders>false</PreserveBindingHeaders></BindingHeaderInstructions><TransportHeaderInstructions><PreserveTransportHeaders>false</PreserveTransportHeaders></TransportHeaderInstructions></OperationImplementation><OperationImplementation InterfaceName="ns13:Mail_Chimp_API_PortType" LastUpdated="1430355059065" OperationName="POST__users_logins.json"><Process/><BindingHeaderInstructions><PreserveBindingHeaders>false</PreserveBindingHeaders></BindingHeaderInstructions><TransportHeaderInstructions><PreserveTransportHeaders>false</PreserveTransportHeaders></TransportHeaderInstructions></OperationImplementation><OperationImplementation InterfaceName="ns13:Mail_Chimp_API_PortType" LastUpdated="1430274275250" OperationName="POST__users_profile.json"><Process/><BindingHeaderInstructions><PreserveBindingHeaders>false</PreserveBindingHeaders></BindingHeaderInstructions><TransportHeaderInstructions><PreserveTransportHeaders>false</PreserveTransportHeaders></TransportHeaderInstructions></OperationImplementation><OperationImplementation InterfaceName="ns13:Mail_Chimp_API_PortType" LastUpdated="1430355109015" OperationName="POST__vip_activity.json"><Process/><BindingHeaderInstructions><PreserveBindingHeaders>false</PreserveBindingHeaders></BindingHeaderInstructions><TransportHeaderInstructions><PreserveTransportHeaders>false</PreserveTransportHeaders></TransportHeaderInstructions></OperationImplementation><OperationImplementation InterfaceName="ns13:Mail_Chimp_API_PortType" LastUpdated="1430355143691" OperationName="POST__vip_add.json"><Process/><BindingHeaderInstructions><PreserveBindingHeaders>false</PreserveBindingHeaders></BindingHeaderInstructions><TransportHeaderInstructions><PreserveTransportHeaders>false</PreserveTransportHeaders></TransportHeaderInstructions></OperationImplementation><OperationImplementation InterfaceName="ns13:Mail_Chimp_API_PortType" LastUpdated="1430355184938" OperationName="POST__vip_del.json"><Process/><BindingHeaderInstructions><PreserveBindingHeaders>false</PreserveBindingHeaders></BindingHeaderInstructions><TransportHeaderInstructions><PreserveTransportHeaders>false</PreserveTransportHeaders></TransportHeaderInstructions></OperationImplementation><OperationImplementation InterfaceName="ns13:Mail_Chimp_API_PortType" LastUpdated="1430355218618" OperationName="POST__vip_members.json"><Process/><BindingHeaderInstructions><PreserveBindingHeaders>false</PreserveBindingHeaders></BindingHeaderInstructions><TransportHeaderInstructions><PreserveTransportHeaders>false</PreserveTransportHeaders></TransportHeaderInstructions></OperationImplementation></VirtualServiceConfiguration>