<?xml version="1.0" encoding="UTF-8"?>
<VirtualServiceConfiguration LastUpdated="1429927950256" ServiceName="ns13:Mail_Chimp_API_vs0" xmlns="http://soa.com/capabilities/service/virtualization/bpel" xmlns:ns10="http://schemas.xmlsoap.org/ws/2003/03/business-process/" xmlns:ns11="http://soa.com/bpel/ext" xmlns:ns12="http://schemas.xmlsoap.org/ws/2003/05/partner-link/" xmlns:ns13="https://dc.api.mailchimp.com/2.0" xmlns:ns2="http://schemas.xmlsoap.org/ws/2006/02/addressingidentity" xmlns:ns3="http://www.w3.org/2000/09/xmldsig#" xmlns:ns4="http://docs.oasis-open.org/wss/2004/01/oasis-200401-wss-wssecurity-secext-1.0.xsd" xmlns:ns5="http://docs.oasis-open.org/wss/2004/01/oasis-200401-wss-wssecurity-utility-1.0.xsd" xmlns:ns6="http://schemas.xmlsoap.org/ws/2004/09/mex" xmlns:ns7="http://soa.com/capabilities/service/virtualization/bpel/activity" xmlns:ns8="http://www.w3.org/2001/04/xmlenc#" xmlns:ns9="http://federatedgovernance.org/mc/configuration/x509"><OutboundIdentityConfig><UseInboundIdentities xmlns:xs="http://www.w3.org/2001/XMLSchema" xmlns:xsi="http://www.w3.org/2001/XMLSchema-instance" xsi:type="xs:boolean">true</UseInboundIdentities><UseServiceIdentityForHTTPS>false</UseServiceIdentityForHTTPS></OutboundIdentityConfig><PolicyImplementationConfig><ImplementPolicies>true</ImplementPolicies></PolicyImplementationConfig><OperationImplementation InterfaceName="ns13:Mail_Chimp_API_PortType" LastUpdated="1429927933118" OperationName="POST__campaigns_content.json"><Process/><BindingHeaderInstructions><PreserveBindingHeaders>false</PreserveBindingHeaders></BindingHeaderInstructions><TransportHeaderInstructions><PreserveTransportHeaders>false</PreserveTransportHeaders></TransportHeaderInstructions></OperationImplementation><OperationImplementation InterfaceName="ns13:Mail_Chimp_API_PortType" LastUpdated="1429927933261" OperationName="POST__campaigns_create.json"><Process/><BindingHeaderInstructions><PreserveBindingHeaders>false</PreserveBindingHeaders></BindingHeaderInstructions><TransportHeaderInstructions><PreserveTransportHeaders>false</PreserveTransportHeaders></TransportHeaderInstructions></OperationImplementation><OperationImplementation InterfaceName="ns13:Mail_Chimp_API_PortType" LastUpdated="1429927933442" OperationName="POST__campaigns_delete.json"><Process/><BindingHeaderInstructions><PreserveBindingHeaders>false</PreserveBindingHeaders></BindingHeaderInstructions><TransportHeaderInstructions><PreserveTransportHeaders>false</PreserveTransportHeaders></TransportHeaderInstructions></OperationImplementation><OperationImplementation InterfaceName="ns13:Mail_Chimp_API_PortType" LastUpdated="1429927933579" OperationName="POST__campaigns_list.json"><Process/><BindingHeaderInstructions><PreserveBindingHeaders>false</PreserveBindingHeaders></BindingHeaderInstructions><TransportHeaderInstructions><PreserveTransportHeaders>false</PreserveTransportHeaders></TransportHeaderInstructions></OperationImplementation><OperationImplementation InterfaceName="ns13:Mail_Chimp_API_PortType" LastUpdated="1429927933719" OperationName="POST__campaigns_pause.json"><Process/><BindingHeaderInstructions><PreserveBindingHeaders>false</PreserveBindingHeaders></BindingHeaderInstructions><TransportHeaderInstructions><PreserveTransportHeaders>false</PreserveTransportHeaders></TransportHeaderInstructions></OperationImplementation><OperationImplementation InterfaceName="ns13:Mail_Chimp_API_PortType" LastUpdated="1429927933907" OperationName="POST__campaigns_ready.json"><Process/><BindingHeaderInstructions><PreserveBindingHeaders>false</PreserveBindingHeaders></BindingHeaderInstructions><TransportHeaderInstructions><PreserveTransportHeaders>false</PreserveTransportHeaders></TransportHeaderInstructions></OperationImplementation><OperationImplementation InterfaceName="ns13:Mail_Chimp_API_PortType" LastUpdated="1429927934046" OperationName="POST__campaigns_replicate.json"><Process/><BindingHeaderInstructions><PreserveBindingHeaders>false</PreserveBindingHeaders></BindingHeaderInstructions><TransportHeaderInstructions><PreserveTransportHeaders>false</PreserveTransportHeaders></TransportHeaderInstructions></OperationImplementation><OperationImplementation InterfaceName="ns13:Mail_Chimp_API_PortType" LastUpdated="1429927934189" OperationName="POST__campaigns_resume.json"><Process/><BindingHeaderInstructions><PreserveBindingHeaders>false</PreserveBindingHeaders></BindingHeaderInstructions><TransportHeaderInstructions><PreserveTransportHeaders>false</PreserveTransportHeaders></TransportHeaderInstructions></OperationImplementation><OperationImplementation InterfaceName="ns13:Mail_Chimp_API_PortType" LastUpdated="1429927934323" OperationName="POST__campaigns_schedule-batch.json"><Process/><BindingHeaderInstructions><PreserveBindingHeaders>false</PreserveBindingHeaders></BindingHeaderInstructions><TransportHeaderInstructions><PreserveTransportHeaders>false</PreserveTransportHeaders></TransportHeaderInstructions></OperationImplementation><OperationImplementation InterfaceName="ns13:Mail_Chimp_API_PortType" LastUpdated="1429927934458" OperationName="POST__campaigns_schedule.json"><Process/><BindingHeaderInstructions><PreserveBindingHeaders>false</PreserveBindingHeaders></BindingHeaderInstructions><TransportHeaderInstructions><PreserveTransportHeaders>false</PreserveTransportHeaders></TransportHeaderInstructions></OperationImplementation><OperationImplementation InterfaceName="ns13:Mail_Chimp_API_PortType" LastUpdated="1429927934597" OperationName="POST__campaigns_segment-test.json"><Process/><BindingHeaderInstructions><PreserveBindingHeaders>false</PreserveBindingHeaders></BindingHeaderInstructions><TransportHeaderInstructions><PreserveTransportHeaders>false</PreserveTransportHeaders></TransportHeaderInstructions></OperationImplementation><OperationImplementation InterfaceName="ns13:Mail_Chimp_API_PortType" LastUpdated="1429927934744" OperationName="POST__campaigns_send-test.json"><Process/><BindingHeaderInstructions><PreserveBindingHeaders>false</PreserveBindingHeaders></BindingHeaderInstructions><TransportHeaderInstructions><PreserveTransportHeaders>false</PreserveTransportHeaders></TransportHeaderInstructions></OperationImplementation><OperationImplementation InterfaceName="ns13:Mail_Chimp_API_PortType" LastUpdated="1429927934941" OperationName="POST__campaigns_send.json"><Process/><BindingHeaderInstructions><PreserveBindingHeaders>false</PreserveBindingHeaders></BindingHeaderInstructions><TransportHeaderInstructions><PreserveTransportHeaders>false</PreserveTransportHeaders></TransportHeaderInstructions></OperationImplementation><OperationImplementation InterfaceName="ns13:Mail_Chimp_API_PortType" LastUpdated="1429927935090" OperationName="POST__campaigns_template-content.json"><Process/><BindingHeaderInstructions><PreserveBindingHeaders>false</PreserveBindingHeaders></BindingHeaderInstructions><TransportHeaderInstructions><PreserveTransportHeaders>false</PreserveTransportHeaders></TransportHeaderInstructions></OperationImplementation><OperationImplementation InterfaceName="ns13:Mail_Chimp_API_PortType" LastUpdated="1429927935254" OperationName="POST__campaigns_unschedule.json"><Process/><BindingHeaderInstructions><PreserveBindingHeaders>false</PreserveBindingHeaders></BindingHeaderInstructions><TransportHeaderInstructions><PreserveTransportHeaders>false</PreserveTransportHeaders></TransportHeaderInstructions></OperationImplementation><OperationImplementation InterfaceName="ns13:Mail_Chimp_API_PortType" LastUpdated="1429927935396" OperationName="POST__campaigns_update.json"><Process/><BindingHeaderInstructions><PreserveBindingHeaders>false</PreserveBindingHeaders></BindingHeaderInstructions><TransportHeaderInstructions><PreserveTransportHeaders>false</PreserveTransportHeaders></TransportHeaderInstructions></OperationImplementation><OperationImplementation InterfaceName="ns13:Mail_Chimp_API_PortType" LastUpdated="1429927935545" OperationName="POST__conversations_list.json"><Process/><BindingHeaderInstructions><PreserveBindingHeaders>false</PreserveBindingHeaders></BindingHeaderInstructions><TransportHeaderInstructions><PreserveTransportHeaders>false</PreserveTransportHeaders></TransportHeaderInstructions></OperationImplementation><OperationImplementation InterfaceName="ns13:Mail_Chimp_API_PortType" LastUpdated="1429927935702" OperationName="POST__conversations_messages.json"><Process/><BindingHeaderInstructions><PreserveBindingHeaders>false</PreserveBindingHeaders></BindingHeaderInstructions><TransportHeaderInstructions><PreserveTransportHeaders>false</PreserveTransportHeaders></TransportHeaderInstructions></OperationImplementation><OperationImplementation InterfaceName="ns13:Mail_Chimp_API_PortType" LastUpdated="1429927935905" OperationName="POST__conversations_reply.json"><Process/><BindingHeaderInstructions><PreserveBindingHeaders>false</PreserveBindingHeaders></BindingHeaderInstructions><TransportHeaderInstructions><PreserveTransportHeaders>false</PreserveTransportHeaders></TransportHeaderInstructions></OperationImplementation><OperationImplementation InterfaceName="ns13:Mail_Chimp_API_PortType" LastUpdated="1429927936065" OperationName="POST__ecomm_order-add.json"><Process/><BindingHeaderInstructions><PreserveBindingHeaders>false</PreserveBindingHeaders></BindingHeaderInstructions><TransportHeaderInstructions><PreserveTransportHeaders>false</PreserveTransportHeaders></TransportHeaderInstructions></OperationImplementation><OperationImplementation InterfaceName="ns13:Mail_Chimp_API_PortType" LastUpdated="1429927936199" OperationName="POST__ecomm_order-del.json"><Process/><BindingHeaderInstructions><PreserveBindingHeaders>false</PreserveBindingHeaders></BindingHeaderInstructions><TransportHeaderInstructions><PreserveTransportHeaders>false</PreserveTransportHeaders></TransportHeaderInstructions></OperationImplementation><OperationImplementation InterfaceName="ns13:Mail_Chimp_API_PortType" LastUpdated="1429927936340" OperationName="POST__ecomm_orders.json"><Process/><BindingHeaderInstructions><PreserveBindingHeaders>false</PreserveBindingHeaders></BindingHeaderInstructions><TransportHeaderInstructions><PreserveTransportHeaders>false</PreserveTransportHeaders></TransportHeaderInstructions></OperationImplementation><OperationImplementation InterfaceName="ns13:Mail_Chimp_API_PortType" LastUpdated="1429927936478" OperationName="POST__folders_add.json"><Process/><BindingHeaderInstructions><PreserveBindingHeaders>false</PreserveBindingHeaders></BindingHeaderInstructions><TransportHeaderInstructions><PreserveTransportHeaders>false</PreserveTransportHeaders></TransportHeaderInstructions></OperationImplementation><OperationImplementation InterfaceName="ns13:Mail_Chimp_API_PortType" LastUpdated="1429927936615" OperationName="POST__folders_del.json"><Process/><BindingHeaderInstructions><PreserveBindingHeaders>false</PreserveBindingHeaders></BindingHeaderInstructions><TransportHeaderInstructions><PreserveTransportHeaders>false</PreserveTransportHeaders></TransportHeaderInstructions></OperationImplementation><OperationImplementation InterfaceName="ns13:Mail_Chimp_API_PortType" LastUpdated="1429927936755" OperationName="POST__folders_list.json"><Process/><BindingHeaderInstructions><PreserveBindingHeaders>false</PreserveBindingHeaders></BindingHeaderInstructions><TransportHeaderInstructions><PreserveTransportHeaders>false</PreserveTransportHeaders></TransportHeaderInstructions></OperationImplementation><OperationImplementation InterfaceName="ns13:Mail_Chimp_API_PortType" LastUpdated="1429927936886" OperationName="POST__folders_update.json"><Process/><BindingHeaderInstructions><PreserveBindingHeaders>false</PreserveBindingHeaders></BindingHeaderInstructions><TransportHeaderInstructions><PreserveTransportHeaders>false</PreserveTransportHeaders></TransportHeaderInstructions></OperationImplementation><OperationImplementation InterfaceName="ns13:Mail_Chimp_API_PortType" LastUpdated="1429927937078" OperationName="POST__gallery_add-file-to-folder.json"><Process/><BindingHeaderInstructions><PreserveBindingHeaders>false</PreserveBindingHeaders></BindingHeaderInstructions><TransportHeaderInstructions><PreserveTransportHeaders>false</PreserveTransportHeaders></TransportHeaderInstructions></OperationImplementation><OperationImplementation InterfaceName="ns13:Mail_Chimp_API_PortType" LastUpdated="1429927937223" OperationName="POST__gallery_add-folder.json"><Process/><BindingHeaderInstructions><PreserveBindingHeaders>false</PreserveBindingHeaders></BindingHeaderInstructions><TransportHeaderInstructions><PreserveTransportHeaders>false</PreserveTransportHeaders></TransportHeaderInstructions></OperationImplementation><OperationImplementation InterfaceName="ns13:Mail_Chimp_API_PortType" LastUpdated="1429927937361" OperationName="POST__gallery_list-folders.json"><Process/><BindingHeaderInstructions><PreserveBindingHeaders>false</PreserveBindingHeaders></BindingHeaderInstructions><TransportHeaderInstructions><PreserveTransportHeaders>false</PreserveTransportHeaders></TransportHeaderInstructions></OperationImplementation><OperationImplementation InterfaceName="ns13:Mail_Chimp_API_PortType" LastUpdated="1429927937590" OperationName="POST__gallery_list.json"><Process/><BindingHeaderInstructions><PreserveBindingHeaders>false</PreserveBindingHeaders></BindingHeaderInstructions><TransportHeaderInstructions><PreserveTransportHeaders>false</PreserveTransportHeaders></TransportHeaderInstructions></OperationImplementation><OperationImplementation InterfaceName="ns13:Mail_Chimp_API_PortType" LastUpdated="1429927937721" OperationName="POST__gallery_remove-all-files-from-folder.json"><Process/><BindingHeaderInstructions><PreserveBindingHeaders>false</PreserveBindingHeaders></BindingHeaderInstructions><TransportHeaderInstructions><PreserveTransportHeaders>false</PreserveTransportHeaders></TransportHeaderInstructions></OperationImplementation><OperationImplementation InterfaceName="ns13:Mail_Chimp_API_PortType" LastUpdated="1429927937860" OperationName="POST__gallery_remove-file-from-folder.json"><Process/><BindingHeaderInstructions><PreserveBindingHeaders>false</PreserveBindingHeaders></BindingHeaderInstructions><TransportHeaderInstructions><PreserveTransportHeaders>false</PreserveTransportHeaders></TransportHeaderInstructions></OperationImplementation><OperationImplementation InterfaceName="ns13:Mail_Chimp_API_PortType" LastUpdated="1429927938060" OperationName="POST__gallery_remove-folder.json"><Process/><BindingHeaderInstructions><PreserveBindingHeaders>false</PreserveBindingHeaders></BindingHeaderInstructions><TransportHeaderInstructions><PreserveTransportHeaders>false</PreserveTransportHeaders></TransportHeaderInstructions></OperationImplementation><OperationImplementation InterfaceName="ns13:Mail_Chimp_API_PortType" LastUpdated="1429927938252" OperationName="POST__goal_events.json"><Process/><BindingHeaderInstructions><PreserveBindingHeaders>false</PreserveBindingHeaders></BindingHeaderInstructions><TransportHeaderInstructions><PreserveTransportHeaders>false</PreserveTransportHeaders></TransportHeaderInstructions></OperationImplementation><OperationImplementation InterfaceName="ns13:Mail_Chimp_API_PortType" LastUpdated="1429927938398" OperationName="POST__goal_record-event.json"><Process/><BindingHeaderInstructions><PreserveBindingHeaders>false</PreserveBindingHeaders></BindingHeaderInstructions><TransportHeaderInstructions><PreserveTransportHeaders>false</PreserveTransportHeaders></TransportHeaderInstructions></OperationImplementation><OperationImplementation InterfaceName="ns13:Mail_Chimp_API_PortType" LastUpdated="1429927938534" OperationName="POST__helper_account-details.json"><Process/><BindingHeaderInstructions><PreserveBindingHeaders>false</PreserveBindingHeaders></BindingHeaderInstructions><TransportHeaderInstructions><PreserveTransportHeaders>false</PreserveTransportHeaders></TransportHeaderInstructions></OperationImplementation><OperationImplementation InterfaceName="ns13:Mail_Chimp_API_PortType" LastUpdated="1429927938677" OperationName="POST__helper_campaigns-for-email.json"><Process/><BindingHeaderInstructions><PreserveBindingHeaders>false</PreserveBindingHeaders></BindingHeaderInstructions><TransportHeaderInstructions><PreserveTransportHeaders>false</PreserveTransportHeaders></TransportHeaderInstructions></OperationImplementation><OperationImplementation InterfaceName="ns13:Mail_Chimp_API_PortType" LastUpdated="1429927938808" OperationName="POST__helper_chimp-chatter.json"><Process/><BindingHeaderInstructions><PreserveBindingHeaders>false</PreserveBindingHeaders></BindingHeaderInstructions><TransportHeaderInstructions><PreserveTransportHeaders>false</PreserveTransportHeaders></TransportHeaderInstructions></OperationImplementation><OperationImplementation InterfaceName="ns13:Mail_Chimp_API_PortType" LastUpdated="1429927938956" OperationName="POST__helper_generate-text.json"><Process/><BindingHeaderInstructions><PreserveBindingHeaders>false</PreserveBindingHeaders></BindingHeaderInstructions><TransportHeaderInstructions><PreserveTransportHeaders>false</PreserveTransportHeaders></TransportHeaderInstructions></OperationImplementation><OperationImplementation InterfaceName="ns13:Mail_Chimp_API_PortType" LastUpdated="1429927939132" OperationName="POST__helper_inline-css.json"><Process/><BindingHeaderInstructions><PreserveBindingHeaders>false</PreserveBindingHeaders></BindingHeaderInstructions><TransportHeaderInstructions><PreserveTransportHeaders>false</PreserveTransportHeaders></TransportHeaderInstructions></OperationImplementation><OperationImplementation InterfaceName="ns13:Mail_Chimp_API_PortType" LastUpdated="1429927939270" OperationName="POST__helper_lists-for-email.json"><Process/><BindingHeaderInstructions><PreserveBindingHeaders>false</PreserveBindingHeaders></BindingHeaderInstructions><TransportHeaderInstructions><PreserveTransportHeaders>false</PreserveTransportHeaders></TransportHeaderInstructions></OperationImplementation><OperationImplementation InterfaceName="ns13:Mail_Chimp_API_PortType" LastUpdated="1429927939408" OperationName="POST__helper_ping.json"><Process/><BindingHeaderInstructions><PreserveBindingHeaders>false</PreserveBindingHeaders></BindingHeaderInstructions><TransportHeaderInstructions><PreserveTransportHeaders>false</PreserveTransportHeaders></TransportHeaderInstructions></OperationImplementation><OperationImplementation InterfaceName="ns13:Mail_Chimp_API_PortType" LastUpdated="1429927939561" OperationName="POST__helper_search-campaigns.json"><Process/><BindingHeaderInstructions><PreserveBindingHeaders>false</PreserveBindingHeaders></BindingHeaderInstructions><TransportHeaderInstructions><PreserveTransportHeaders>false</PreserveTransportHeaders></TransportHeaderInstructions></OperationImplementation><OperationImplementation InterfaceName="ns13:Mail_Chimp_API_PortType" LastUpdated="1429927939691" OperationName="POST__helper_search-members.json"><Process/><BindingHeaderInstructions><PreserveBindingHeaders>false</PreserveBindingHeaders></BindingHeaderInstructions><TransportHeaderInstructions><PreserveTransportHeaders>false</PreserveTransportHeaders></TransportHeaderInstructions></OperationImplementation><OperationImplementation InterfaceName="ns13:Mail_Chimp_API_PortType" LastUpdated="1429927939833" OperationName="POST__helper_verified-domains.json"><Process/><BindingHeaderInstructions><PreserveBindingHeaders>false</PreserveBindingHeaders></BindingHeaderInstructions><TransportHeaderInstructions><PreserveTransportHeaders>false</PreserveTransportHeaders></TransportHeaderInstructions></OperationImplementation><OperationImplementation InterfaceName="ns13:Mail_Chimp_API_PortType" LastUpdated="1429927939968" OperationName="POST__lists_abuse-reports.json"><Process/><BindingHeaderInstructions><PreserveBindingHeaders>false</PreserveBindingHeaders></BindingHeaderInstructions><TransportHeaderInstructions><PreserveTransportHeaders>false</PreserveTransportHeaders></TransportHeaderInstructions></OperationImplementation><OperationImplementation InterfaceName="ns13:Mail_Chimp_API_PortType" LastUpdated="1429927940159" OperationName="POST__lists_activity.json"><Process/><BindingHeaderInstructions><PreserveBindingHeaders>false</PreserveBindingHeaders></BindingHeaderInstructions><TransportHeaderInstructions><PreserveTransportHeaders>false</PreserveTransportHeaders></TransportHeaderInstructions></OperationImplementation><OperationImplementation InterfaceName="ns13:Mail_Chimp_API_PortType" LastUpdated="1429927940302" OperationName="POST__lists_batch-subscribe.json"><Process/><BindingHeaderInstructions><PreserveBindingHeaders>false</PreserveBindingHeaders></BindingHeaderInstructions><TransportHeaderInstructions><PreserveTransportHeaders>false</PreserveTransportHeaders></TransportHeaderInstructions></OperationImplementation><OperationImplementation InterfaceName="ns13:Mail_Chimp_API_PortType" LastUpdated="1429927940440" OperationName="POST__lists_batch-unsubscribe.json"><Process/><BindingHeaderInstructions><PreserveBindingHeaders>false</PreserveBindingHeaders></BindingHeaderInstructions><TransportHeaderInstructions><PreserveTransportHeaders>false</PreserveTransportHeaders></TransportHeaderInstructions></OperationImplementation><OperationImplementation InterfaceName="ns13:Mail_Chimp_API_PortType" LastUpdated="1429927940575" OperationName="POST__lists_clients.json"><Process/><BindingHeaderInstructions><PreserveBindingHeaders>false</PreserveBindingHeaders></BindingHeaderInstructions><TransportHeaderInstructions><PreserveTransportHeaders>false</PreserveTransportHeaders></TransportHeaderInstructions></OperationImplementation><OperationImplementation InterfaceName="ns13:Mail_Chimp_API_PortType" LastUpdated="1429927940718" OperationName="POST__lists_growth-history.json"><Process/><BindingHeaderInstructions><PreserveBindingHeaders>false</PreserveBindingHeaders></BindingHeaderInstructions><TransportHeaderInstructions><PreserveTransportHeaders>false</PreserveTransportHeaders></TransportHeaderInstructions></OperationImplementation><OperationImplementation InterfaceName="ns13:Mail_Chimp_API_PortType" LastUpdated="1429927940851" OperationName="POST__lists_interest-group-add.json"><Process/><BindingHeaderInstructions><PreserveBindingHeaders>false</PreserveBindingHeaders></BindingHeaderInstructions><TransportHeaderInstructions><PreserveTransportHeaders>false</PreserveTransportHeaders></TransportHeaderInstructions></OperationImplementation><OperationImplementation InterfaceName="ns13:Mail_Chimp_API_PortType" LastUpdated="1429927941002" OperationName="POST__lists_interest-group-del.json"><Process/><BindingHeaderInstructions><PreserveBindingHeaders>false</PreserveBindingHeaders></BindingHeaderInstructions><TransportHeaderInstructions><PreserveTransportHeaders>false</PreserveTransportHeaders></TransportHeaderInstructions></OperationImplementation><OperationImplementation InterfaceName="ns13:Mail_Chimp_API_PortType" LastUpdated="1429927941187" OperationName="POST__lists_interest-grouping-update.json"><Process/><BindingHeaderInstructions><PreserveBindingHeaders>false</PreserveBindingHeaders></BindingHeaderInstructions><TransportHeaderInstructions><PreserveTransportHeaders>false</PreserveTransportHeaders></TransportHeaderInstructions></OperationImplementation><OperationImplementation InterfaceName="ns13:Mail_Chimp_API_PortType" LastUpdated="1429927941331" OperationName="POST__lists_interest-groupings.json"><Process/><BindingHeaderInstructions><PreserveBindingHeaders>false</PreserveBindingHeaders></BindingHeaderInstructions><TransportHeaderInstructions><PreserveTransportHeaders>false</PreserveTransportHeaders></TransportHeaderInstructions></OperationImplementation><OperationImplementation InterfaceName="ns13:Mail_Chimp_API_PortType" LastUpdated="1429927941466" OperationName="POST__lists_list.json"><Process/><BindingHeaderInstructions><PreserveBindingHeaders>false</PreserveBindingHeaders></BindingHeaderInstructions><TransportHeaderInstructions><PreserveTransportHeaders>false</PreserveTransportHeaders></TransportHeaderInstructions></OperationImplementation><OperationImplementation InterfaceName="ns13:Mail_Chimp_API_PortType" LastUpdated="1429927941604" OperationName="POST__lists_locations.json"><Process/><BindingHeaderInstructions><PreserveBindingHeaders>false</PreserveBindingHeaders></BindingHeaderInstructions><TransportHeaderInstructions><PreserveTransportHeaders>false</PreserveTransportHeaders></TransportHeaderInstructions></OperationImplementation><OperationImplementation InterfaceName="ns13:Mail_Chimp_API_PortType" LastUpdated="1429927941749" OperationName="POST__lists_member-activity.json"><Process/><BindingHeaderInstructions><PreserveBindingHeaders>false</PreserveBindingHeaders></BindingHeaderInstructions><TransportHeaderInstructions><PreserveTransportHeaders>false</PreserveTransportHeaders></TransportHeaderInstructions></OperationImplementation><OperationImplementation InterfaceName="ns13:Mail_Chimp_API_PortType" LastUpdated="1429927941891" OperationName="POST__lists_member-info.json"><Process/><BindingHeaderInstructions><PreserveBindingHeaders>false</PreserveBindingHeaders></BindingHeaderInstructions><TransportHeaderInstructions><PreserveTransportHeaders>false</PreserveTransportHeaders></TransportHeaderInstructions></OperationImplementation><OperationImplementation InterfaceName="ns13:Mail_Chimp_API_PortType" LastUpdated="1429927942029" OperationName="POST__lists_members.json"><Process/><BindingHeaderInstructions><PreserveBindingHeaders>false</PreserveBindingHeaders></BindingHeaderInstructions><TransportHeaderInstructions><PreserveTransportHeaders>false</PreserveTransportHeaders></TransportHeaderInstructions></OperationImplementation><OperationImplementation InterfaceName="ns13:Mail_Chimp_API_PortType" LastUpdated="1429927942163" OperationName="POST__lists_merge-var-add.json"><Process/><BindingHeaderInstructions><PreserveBindingHeaders>false</PreserveBindingHeaders></BindingHeaderInstructions><TransportHeaderInstructions><PreserveTransportHeaders>false</PreserveTransportHeaders></TransportHeaderInstructions></OperationImplementation><OperationImplementation InterfaceName="ns13:Mail_Chimp_API_PortType" LastUpdated="1429927942355" OperationName="POST__lists_merge-var-del.json"><Process/><BindingHeaderInstructions><PreserveBindingHeaders>false</PreserveBindingHeaders></BindingHeaderInstructions><TransportHeaderInstructions><PreserveTransportHeaders>false</PreserveTransportHeaders></TransportHeaderInstructions></OperationImplementation><OperationImplementation InterfaceName="ns13:Mail_Chimp_API_PortType" LastUpdated="1429927942488" OperationName="POST__lists_merge-var-reset.json"><Process/><BindingHeaderInstructions><PreserveBindingHeaders>false</PreserveBindingHeaders></BindingHeaderInstructions><TransportHeaderInstructions><PreserveTransportHeaders>false</PreserveTransportHeaders></TransportHeaderInstructions></OperationImplementation><OperationImplementation InterfaceName="ns13:Mail_Chimp_API_PortType" LastUpdated="1429927942630" OperationName="POST__lists_merge-var-set.json"><Process/><BindingHeaderInstructions><PreserveBindingHeaders>false</PreserveBindingHeaders></BindingHeaderInstructions><TransportHeaderInstructions><PreserveTransportHeaders>false</PreserveTransportHeaders></TransportHeaderInstructions></OperationImplementation><OperationImplementation InterfaceName="ns13:Mail_Chimp_API_PortType" LastUpdated="1429927942777" OperationName="POST__lists_merge-vars.json"><Process/><BindingHeaderInstructions><PreserveBindingHeaders>false</PreserveBindingHeaders></BindingHeaderInstructions><TransportHeaderInstructions><PreserveTransportHeaders>false</PreserveTransportHeaders></TransportHeaderInstructions></OperationImplementation><OperationImplementation InterfaceName="ns13:Mail_Chimp_API_PortType" LastUpdated="1429927942922" OperationName="POST__lists_segment-add.json"><Process/><BindingHeaderInstructions><PreserveBindingHeaders>false</PreserveBindingHeaders></BindingHeaderInstructions><TransportHeaderInstructions><PreserveTransportHeaders>false</PreserveTransportHeaders></TransportHeaderInstructions></OperationImplementation><OperationImplementation InterfaceName="ns13:Mail_Chimp_API_PortType" LastUpdated="1429927943088" OperationName="POST__lists_segment-del.json"><Process/><BindingHeaderInstructions><PreserveBindingHeaders>false</PreserveBindingHeaders></BindingHeaderInstructions><TransportHeaderInstructions><PreserveTransportHeaders>false</PreserveTransportHeaders></TransportHeaderInstructions></OperationImplementation><OperationImplementation InterfaceName="ns13:Mail_Chimp_API_PortType" LastUpdated="1429927943286" OperationName="POST__lists_segment-test.json"><Process/><BindingHeaderInstructions><PreserveBindingHeaders>false</PreserveBindingHeaders></BindingHeaderInstructions><TransportHeaderInstructions><PreserveTransportHeaders>false</PreserveTransportHeaders></TransportHeaderInstructions></OperationImplementation><OperationImplementation InterfaceName="ns13:Mail_Chimp_API_PortType" LastUpdated="1429927943419" OperationName="POST__lists_segment-update.json"><Process/><BindingHeaderInstructions><PreserveBindingHeaders>false</PreserveBindingHeaders></BindingHeaderInstructions><TransportHeaderInstructions><PreserveTransportHeaders>false</PreserveTransportHeaders></TransportHeaderInstructions></OperationImplementation><OperationImplementation InterfaceName="ns13:Mail_Chimp_API_PortType" LastUpdated="1429927943556" OperationName="POST__lists_segments.json"><Process/><BindingHeaderInstructions><PreserveBindingHeaders>false</PreserveBindingHeaders></BindingHeaderInstructions><TransportHeaderInstructions><PreserveTransportHeaders>false</PreserveTransportHeaders></TransportHeaderInstructions></OperationImplementation><OperationImplementation InterfaceName="ns13:Mail_Chimp_API_PortType" LastUpdated="1429927943700" OperationName="POST__lists_static-segment-add.json"><Process/><BindingHeaderInstructions><PreserveBindingHeaders>false</PreserveBindingHeaders></BindingHeaderInstructions><TransportHeaderInstructions><PreserveTransportHeaders>false</PreserveTransportHeaders></TransportHeaderInstructions></OperationImplementation><OperationImplementation InterfaceName="ns13:Mail_Chimp_API_PortType" LastUpdated="1429927943832" OperationName="POST__lists_static-segment-del.json"><Process/><BindingHeaderInstructions><PreserveBindingHeaders>false</PreserveBindingHeaders></BindingHeaderInstructions><TransportHeaderInstructions><PreserveTransportHeaders>false</PreserveTransportHeaders></TransportHeaderInstructions></OperationImplementation><OperationImplementation InterfaceName="ns13:Mail_Chimp_API_PortType" LastUpdated="1429927943974" OperationName="POST__lists_static-segment-reset.json"><Process/><BindingHeaderInstructions><PreserveBindingHeaders>false</PreserveBindingHeaders></BindingHeaderInstructions><TransportHeaderInstructions><PreserveTransportHeaders>false</PreserveTransportHeaders></TransportHeaderInstructions></OperationImplementation><OperationImplementation InterfaceName="ns13:Mail_Chimp_API_PortType" LastUpdated="1429927944108" OperationName="POST__lists_static-segments.json"><Process/><BindingHeaderInstructions><PreserveBindingHeaders>false</PreserveBindingHeaders></BindingHeaderInstructions><TransportHeaderInstructions><PreserveTransportHeaders>false</PreserveTransportHeaders></TransportHeaderInstructions></OperationImplementation><OperationImplementation InterfaceName="ns13:Mail_Chimp_API_PortType" LastUpdated="1429927944252" OperationName="POST__lists_subscribe.json"><Process/><BindingHeaderInstructions><PreserveBindingHeaders>false</PreserveBindingHeaders></BindingHeaderInstructions><TransportHeaderInstructions><PreserveTransportHeaders>false</PreserveTransportHeaders></TransportHeaderInstructions></OperationImplementation><OperationImplementation InterfaceName="ns13:Mail_Chimp_API_PortType" LastUpdated="1429927944451" OperationName="POST__lists_unsubscribe.json"><Process/><BindingHeaderInstructions><PreserveBindingHeaders>false</PreserveBindingHeaders></BindingHeaderInstructions><TransportHeaderInstructions><PreserveTransportHeaders>false</PreserveTransportHeaders></TransportHeaderInstructions></OperationImplementation><OperationImplementation InterfaceName="ns13:Mail_Chimp_API_PortType" LastUpdated="1429927944585" OperationName="POST__lists_update-member.json"><Process/><BindingHeaderInstructions><PreserveBindingHeaders>false</PreserveBindingHeaders></BindingHeaderInstructions><TransportHeaderInstructions><PreserveTransportHeaders>false</PreserveTransportHeaders></TransportHeaderInstructions></OperationImplementation><OperationImplementation InterfaceName="ns13:Mail_Chimp_API_PortType" LastUpdated="1429927944731" OperationName="POST__lists_webhook-add.json"><Process/><BindingHeaderInstructions><PreserveBindingHeaders>false</PreserveBindingHeaders></BindingHeaderInstructions><TransportHeaderInstructions><PreserveTransportHeaders>false</PreserveTransportHeaders></TransportHeaderInstructions></OperationImplementation><OperationImplementation InterfaceName="ns13:Mail_Chimp_API_PortType" LastUpdated="1429927944866" OperationName="POST__lists_webhook-del.json"><Process/><BindingHeaderInstructions><PreserveBindingHeaders>false</PreserveBindingHeaders></BindingHeaderInstructions><TransportHeaderInstructions><PreserveTransportHeaders>false</PreserveTransportHeaders></TransportHeaderInstructions></OperationImplementation><OperationImplementation InterfaceName="ns13:Mail_Chimp_API_PortType" LastUpdated="1429927945004" OperationName="POST__lists_webhooks.json"><Process/><BindingHeaderInstructions><PreserveBindingHeaders>false</PreserveBindingHeaders></BindingHeaderInstructions><TransportHeaderInstructions><PreserveTransportHeaders>false</PreserveTransportHeaders></TransportHeaderInstructions></OperationImplementation><OperationImplementation InterfaceName="ns13:Mail_Chimp_API_PortType" LastUpdated="1429927945147" OperationName="POST__reports_abuse.json"><Process/><BindingHeaderInstructions><PreserveBindingHeaders>false</PreserveBindingHeaders></BindingHeaderInstructions><TransportHeaderInstructions><PreserveTransportHeaders>false</PreserveTransportHeaders></TransportHeaderInstructions></OperationImplementation><OperationImplementation InterfaceName="ns13:Mail_Chimp_API_PortType" LastUpdated="1429927945295" OperationName="POST__reports_advice.json"><Process/><BindingHeaderInstructions><PreserveBindingHeaders>false</PreserveBindingHeaders></BindingHeaderInstructions><TransportHeaderInstructions><PreserveTransportHeaders>false</PreserveTransportHeaders></TransportHeaderInstructions></OperationImplementation><OperationImplementation InterfaceName="ns13:Mail_Chimp_API_PortType" LastUpdated="1429927945489" OperationName="POST__reports_bounce-message.json"><Process/><BindingHeaderInstructions><PreserveBindingHeaders>false</PreserveBindingHeaders></BindingHeaderInstructions><TransportHeaderInstructions><PreserveTransportHeaders>false</PreserveTransportHeaders></TransportHeaderInstructions></OperationImplementation><OperationImplementation InterfaceName="ns13:Mail_Chimp_API_PortType" LastUpdated="1429927945645" OperationName="POST__reports_bounce-messages.json"><Process/><BindingHeaderInstructions><PreserveBindingHeaders>false</PreserveBindingHeaders></BindingHeaderInstructions><TransportHeaderInstructions><PreserveTransportHeaders>false</PreserveTransportHeaders></TransportHeaderInstructions></OperationImplementation><OperationImplementation InterfaceName="ns13:Mail_Chimp_API_PortType" LastUpdated="1429927945816" OperationName="POST__reports_click-detail.json"><Process/><BindingHeaderInstructions><PreserveBindingHeaders>false</PreserveBindingHeaders></BindingHeaderInstructions><TransportHeaderInstructions><PreserveTransportHeaders>false</PreserveTransportHeaders></TransportHeaderInstructions></OperationImplementation><OperationImplementation InterfaceName="ns13:Mail_Chimp_API_PortType" LastUpdated="1429927945966" OperationName="POST__reports_clicks.json"><Process/><BindingHeaderInstructions><PreserveBindingHeaders>false</PreserveBindingHeaders></BindingHeaderInstructions><TransportHeaderInstructions><PreserveTransportHeaders>false</PreserveTransportHeaders></TransportHeaderInstructions></OperationImplementation><OperationImplementation InterfaceName="ns13:Mail_Chimp_API_PortType" LastUpdated="1429927946102" OperationName="POST__reports_domain-performance.json"><Process/><BindingHeaderInstructions><PreserveBindingHeaders>false</PreserveBindingHeaders></BindingHeaderInstructions><TransportHeaderInstructions><PreserveTransportHeaders>false</PreserveTransportHeaders></TransportHeaderInstructions></OperationImplementation><OperationImplementation InterfaceName="ns13:Mail_Chimp_API_PortType" LastUpdated="1429927946244" OperationName="POST__reports_ecomm-orders.json"><Process/><BindingHeaderInstructions><PreserveBindingHeaders>false</PreserveBindingHeaders></BindingHeaderInstructions><TransportHeaderInstructions><PreserveTransportHeaders>false</PreserveTransportHeaders></TransportHeaderInstructions></OperationImplementation><OperationImplementation InterfaceName="ns13:Mail_Chimp_API_PortType" LastUpdated="1429927946437" OperationName="POST__reports_eepurl.json"><Process/><BindingHeaderInstructions><PreserveBindingHeaders>false</PreserveBindingHeaders></BindingHeaderInstructions><TransportHeaderInstructions><PreserveTransportHeaders>false</PreserveTransportHeaders></TransportHeaderInstructions></OperationImplementation><OperationImplementation InterfaceName="ns13:Mail_Chimp_API_PortType" LastUpdated="1429927946580" OperationName="POST__reports_geo-opens.json"><Process/><BindingHeaderInstructions><PreserveBindingHeaders>false</PreserveBindingHeaders></BindingHeaderInstructions><TransportHeaderInstructions><PreserveTransportHeaders>false</PreserveTransportHeaders></TransportHeaderInstructions></OperationImplementation><OperationImplementation InterfaceName="ns13:Mail_Chimp_API_PortType" LastUpdated="1429927946713" OperationName="POST__reports_google-analytics.json"><Process/><BindingHeaderInstructions><PreserveBindingHeaders>false</PreserveBindingHeaders></BindingHeaderInstructions><TransportHeaderInstructions><PreserveTransportHeaders>false</PreserveTransportHeaders></TransportHeaderInstructions></OperationImplementation><OperationImplementation InterfaceName="ns13:Mail_Chimp_API_PortType" LastUpdated="1429927946857" OperationName="POST__reports_member-activity.json"><Process/><BindingHeaderInstructions><PreserveBindingHeaders>false</PreserveBindingHeaders></BindingHeaderInstructions><TransportHeaderInstructions><PreserveTransportHeaders>false</PreserveTransportHeaders></TransportHeaderInstructions></OperationImplementation><OperationImplementation InterfaceName="ns13:Mail_Chimp_API_PortType" LastUpdated="1429927946998" OperationName="POST__reports_not-opened.json"><Process/><BindingHeaderInstructions><PreserveBindingHeaders>false</PreserveBindingHeaders></BindingHeaderInstructions><TransportHeaderInstructions><PreserveTransportHeaders>false</PreserveTransportHeaders></TransportHeaderInstructions></OperationImplementation><OperationImplementation InterfaceName="ns13:Mail_Chimp_API_PortType" LastUpdated="1429927947137" OperationName="POST__reports_opened.json"><Process/><BindingHeaderInstructions><PreserveBindingHeaders>false</PreserveBindingHeaders></BindingHeaderInstructions><TransportHeaderInstructions><PreserveTransportHeaders>false</PreserveTransportHeaders></TransportHeaderInstructions></OperationImplementation><OperationImplementation InterfaceName="ns13:Mail_Chimp_API_PortType" LastUpdated="1429927947271" OperationName="POST__reports_sent-to.json"><Process/><BindingHeaderInstructions><PreserveBindingHeaders>false</PreserveBindingHeaders></BindingHeaderInstructions><TransportHeaderInstructions><PreserveTransportHeaders>false</PreserveTransportHeaders></TransportHeaderInstructions></OperationImplementation><OperationImplementation InterfaceName="ns13:Mail_Chimp_API_PortType" LastUpdated="1429927947414" OperationName="POST__reports_share.json"><Process/><BindingHeaderInstructions><PreserveBindingHeaders>false</PreserveBindingHeaders></BindingHeaderInstructions><TransportHeaderInstructions><PreserveTransportHeaders>false</PreserveTransportHeaders></TransportHeaderInstructions></OperationImplementation><OperationImplementation InterfaceName="ns13:Mail_Chimp_API_PortType" LastUpdated="1429927947607" OperationName="POST__reports_summary.json"><Process/><BindingHeaderInstructions><PreserveBindingHeaders>false</PreserveBindingHeaders></BindingHeaderInstructions><TransportHeaderInstructions><PreserveTransportHeaders>false</PreserveTransportHeaders></TransportHeaderInstructions></OperationImplementation><OperationImplementation InterfaceName="ns13:Mail_Chimp_API_PortType" LastUpdated="1429927947745" OperationName="POST__reports_unsubscribes.json"><Process/><BindingHeaderInstructions><PreserveBindingHeaders>false</PreserveBindingHeaders></BindingHeaderInstructions><TransportHeaderInstructions><PreserveTransportHeaders>false</PreserveTransportHeaders></TransportHeaderInstructions></OperationImplementation><OperationImplementation InterfaceName="ns13:Mail_Chimp_API_PortType" LastUpdated="1429927947876" OperationName="POST__templates_add.json"><Process/><BindingHeaderInstructions><PreserveBindingHeaders>false</PreserveBindingHeaders></BindingHeaderInstructions><TransportHeaderInstructions><PreserveTransportHeaders>false</PreserveTransportHeaders></TransportHeaderInstructions></OperationImplementation><OperationImplementation InterfaceName="ns13:Mail_Chimp_API_PortType" LastUpdated="1429927948038" OperationName="POST__templates_del.json"><Process/><BindingHeaderInstructions><PreserveBindingHeaders>false</PreserveBindingHeaders></BindingHeaderInstructions><TransportHeaderInstructions><PreserveTransportHeaders>false</PreserveTransportHeaders></TransportHeaderInstructions></OperationImplementation><OperationImplementation InterfaceName="ns13:Mail_Chimp_API_PortType" LastUpdated="1429927948193" OperationName="POST__templates_info.json"><Process/><BindingHeaderInstructions><PreserveBindingHeaders>false</PreserveBindingHeaders></BindingHeaderInstructions><TransportHeaderInstructions><PreserveTransportHeaders>false</PreserveTransportHeaders></TransportHeaderInstructions></OperationImplementation><OperationImplementation InterfaceName="ns13:Mail_Chimp_API_PortType" LastUpdated="1429927948333" OperationName="POST__templates_list.json"><Process/><BindingHeaderInstructions><PreserveBindingHeaders>false</PreserveBindingHeaders></BindingHeaderInstructions><TransportHeaderInstructions><PreserveTransportHeaders>false</PreserveTransportHeaders></TransportHeaderInstructions></OperationImplementation><OperationImplementation InterfaceName="ns13:Mail_Chimp_API_PortType" LastUpdated="1429927948523" OperationName="POST__templates_undel.json"><Process/><BindingHeaderInstructions><PreserveBindingHeaders>false</PreserveBindingHeaders></BindingHeaderInstructions><TransportHeaderInstructions><PreserveTransportHeaders>false</PreserveTransportHeaders></TransportHeaderInstructions></OperationImplementation><OperationImplementation InterfaceName="ns13:Mail_Chimp_API_PortType" LastUpdated="1429927948658" OperationName="POST__templates_update.json"><Process/><BindingHeaderInstructions><PreserveBindingHeaders>false</PreserveBindingHeaders></BindingHeaderInstructions><TransportHeaderInstructions><PreserveTransportHeaders>false</PreserveTransportHeaders></TransportHeaderInstructions></OperationImplementation><OperationImplementation InterfaceName="ns13:Mail_Chimp_API_PortType" LastUpdated="1429927948803" OperationName="POST__users_invite-resend.json"><Process/><BindingHeaderInstructions><PreserveBindingHeaders>false</PreserveBindingHeaders></BindingHeaderInstructions><TransportHeaderInstructions><PreserveTransportHeaders>false</PreserveTransportHeaders></TransportHeaderInstructions></OperationImplementation><OperationImplementation InterfaceName="ns13:Mail_Chimp_API_PortType" LastUpdated="1429927948946" OperationName="POST__users_invite-revoke.json"><Process/><BindingHeaderInstructions><PreserveBindingHeaders>false</PreserveBindingHeaders></BindingHeaderInstructions><TransportHeaderInstructions><PreserveTransportHeaders>false</PreserveTransportHeaders></TransportHeaderInstructions></OperationImplementation><OperationImplementation InterfaceName="ns13:Mail_Chimp_API_PortType" LastUpdated="1429927949095" OperationName="POST__users_invite.json"><Process/><BindingHeaderInstructions><PreserveBindingHeaders>false</PreserveBindingHeaders></BindingHeaderInstructions><TransportHeaderInstructions><PreserveTransportHeaders>false</PreserveTransportHeaders></TransportHeaderInstructions></OperationImplementation><OperationImplementation InterfaceName="ns13:Mail_Chimp_API_PortType" LastUpdated="1429927949237" OperationName="POST__users_invites.json"><Process/><BindingHeaderInstructions><PreserveBindingHeaders>false</PreserveBindingHeaders></BindingHeaderInstructions><TransportHeaderInstructions><PreserveTransportHeaders>false</PreserveTransportHeaders></TransportHeaderInstructions></OperationImplementation><OperationImplementation InterfaceName="ns13:Mail_Chimp_API_PortType" LastUpdated="1429927949381" OperationName="POST__users_login-revoke.json"><Process/><BindingHeaderInstructions><PreserveBindingHeaders>false</PreserveBindingHeaders></BindingHeaderInstructions><TransportHeaderInstructions><PreserveTransportHeaders>false</PreserveTransportHeaders></TransportHeaderInstructions></OperationImplementation><OperationImplementation InterfaceName="ns13:Mail_Chimp_API_PortType" LastUpdated="1429927949524" OperationName="POST__users_logins.json"><Process/><BindingHeaderInstructions><PreserveBindingHeaders>false</PreserveBindingHeaders></BindingHeaderInstructions><TransportHeaderInstructions><PreserveTransportHeaders>false</PreserveTransportHeaders></TransportHeaderInstructions></OperationImplementation><OperationImplementation InterfaceName="ns13:Mail_Chimp_API_PortType" LastUpdated="1429927949704" OperationName="POST__users_profile.json"><Process/><BindingHeaderInstructions><PreserveBindingHeaders>false</PreserveBindingHeaders></BindingHeaderInstructions><TransportHeaderInstructions><PreserveTransportHeaders>false</PreserveTransportHeaders></TransportHeaderInstructions></OperationImplementation><OperationImplementation InterfaceName="ns13:Mail_Chimp_API_PortType" LastUpdated="1429927949839" OperationName="POST__vip_activity.json"><Process/><BindingHeaderInstructions><PreserveBindingHeaders>false</PreserveBindingHeaders></BindingHeaderInstructions><TransportHeaderInstructions><PreserveTransportHeaders>false</PreserveTransportHeaders></TransportHeaderInstructions></OperationImplementation><OperationImplementation InterfaceName="ns13:Mail_Chimp_API_PortType" LastUpdated="1429927949983" OperationName="POST__vip_add.json"><Process/><BindingHeaderInstructions><PreserveBindingHeaders>false</PreserveBindingHeaders></BindingHeaderInstructions><TransportHeaderInstructions><PreserveTransportHeaders>false</PreserveTransportHeaders></TransportHeaderInstructions></OperationImplementation><OperationImplementation InterfaceName="ns13:Mail_Chimp_API_PortType" LastUpdated="1429927950126" OperationName="POST__vip_del.json"><Process/><BindingHeaderInstructions><PreserveBindingHeaders>false</PreserveBindingHeaders></BindingHeaderInstructions><TransportHeaderInstructions><PreserveTransportHeaders>false</PreserveTransportHeaders></TransportHeaderInstructions></OperationImplementation><OperationImplementation InterfaceName="ns13:Mail_Chimp_API_PortType" LastUpdated="1429927950256" OperationName="POST__vip_members.json"><Process/><BindingHeaderInstructions><PreserveBindingHeaders>false</PreserveBindingHeaders></BindingHeaderInstructions><TransportHeaderInstructions><PreserveTransportHeaders>false</PreserveTransportHeaders></TransportHeaderInstructions></OperationImplementation></VirtualServiceConfiguration>